"HITId","HITTypeId","Title","Description","Keywords","Reward","CreationTime","MaxAssignments","RequesterAnnotation","AssignmentDurationInSeconds","AutoApprovalDelayInSeconds","Expiration","NumberOfSimilarHITs","LifetimeInSeconds","AssignmentId","WorkerId","AssignmentStatus","AcceptTime","SubmitTime","AutoApprovalTime","ApprovalTime","RejectionTime","RequesterFeedback","WorkTimeInSeconds","LifetimeApprovalRate","Last30DaysApprovalRate","Last7DaysApprovalRate","Input.image_url","Answer.taskAnswers","Approve","Reject"
"3511RHPAE0Z1UE1NFLL4QCIU3N9LR4","3DCJP2JIFQ0ZYZUYKAWQPBIIODJ3CJ","Label the requested items in the image","Label the requested items in the image","image, labeling","$0.02","Wed Jul 15 14:43:27 PDT 2020","3","BatchId:286363;OriginalHitTemplateId:921635025;","86400","432000","Wed Jul 29 14:43:27 PDT 2020","","","36DSNE9QZBJUPVJ1AAXP5MWDQVFJOU","A35LFR9135AAU1","Submitted","Wed Jul 15 14:59:04 PDT 2020","Wed Jul 15 15:05:46 PDT 2020","Mon Jul 20 15:05:46 PDT 2020","","","","402","0% (0/0)","0% (0/0)","0% (0/0)","http://langcog.stanford.edu/expts/saycam/frames/17-A_20130531_0818_01.mp4-21725.jpg","[{""myTexts"":{""inputImageProperties"":{""height"":480,""width"":640},""instances"":[{""color"":""#2ca02c"",""label"":""cat""}],""labeledImage"":{""pngImageData"":""iVBORw0KGgoAAAANSUhEUgAAAoAAAAHgAgMAAABIvzR3AAAAAXNSR0IB2cksfwAAAAlQTFRFAAAALKAsH3e00sbfdAAAAAN0Uk5TAP//RFDWIQAACa9JREFUeJzt3Uty5DYMAFB3qrzPRvdBFtkrVdJ95jw5Zaa7LVkSCRI/grBCrmZsinhNCCJb/fHHR7V9ruta79WsTSulDaAWCC1CP0IDH9RR+wDfoy52wNle92wRgad4EA34eRmWkmMakHS28IGUHPcFQnQgYVxXYBrMCmi01qXBIDqwnprOwPrARCC0AlYHdgVmBq7muDewmmMi0Gatkzz07sDayJ7AR3ZoG6DJUpIHQnRgJTn9gZUcewKTzcy7gQXQZK1DgOUcBwCWx44ABAtgcRAlsJhjTyAaKzywNDgVaLHWobFKg4cAlnLsCcRHh+jAwuhUoMVaVxg+PBCiA/EcU4EGax2y26oMHwUI0YFojslA9CHaANEJcARim5ny+GGAWI7DALEck4H6ta4ChOhAJIAjsBZKCdSvdbVQEB2Yz1EgYD7HZKB+ratGgOjAbI4jAbMh6EBoD8yF8AOWNzOvlstxKGDuShEKmItBB2rXOgowEyMWMJNjP2BlM/NuoABq1zoSMJ2FYMA0SDBgmmM6ULvW0SIlOY4GTPIUDZjkOBzwmmMG8PrY2gCvOfYDCsPEA15yzAAq1zpqmEuO4wEvmXIDUjYzuTgMoG6tuxHwHCcg8Lwi3AmoW+tou61XgwFUAk9lzAECEtsaeDrZ3YCMQOGBq/Q41Vp3KyD0ADLiiIGqpYQDPM5ESOAx0ABKgMcy5gA1ax1jM/MTgBAdeChjFhDQ+D8fyNjMrKdyvBdQsdbxgIezPSgQBvDaWHGOkVgHKta6uwEX2YHhgYq1juc7RIoKhJsCARcYA/cyHsB34+221kMZRwXupzsPKF7rbggEXyBzMyMGitc6PnCbi7DALdTNgOK1jhnmEGoAxUAQHQkDuLfZFcj3bWV8N6B0rRMA1wE8NP5mZt1OJyZQuNaJgPMAKoGLBChc68ID+butPVZkIAygEjgP4N64Ud5tERwqvA62BS69gKsAKNwsCIFwF+ChjxAo872iMYEQEbgermK+wCU6cOUDZb7WwMNuTuYTbQefDbhAzw31jwDONOD3KeQNXGhA2P/l+bSYA9w7CYGy7eCzcYEwgNfQNOAeIDxQ5lMAZxJw1gIpQfJtoQG3y4T0dZwbA1cacFtKwgOlN4DDA+U+GnA/U8MDISzw84cAhb7wQPF2kA58xAauXyGk1+kBXF+nOQh5PkC57kOzHaQDVW0Atd+wMIBO3/IxgAOIN+W3fIQHKnwDOIC9gbR7M/GBbt+TIgXq9lsDuCrXOg+gqkrCAzX7VSpQVcYeQFWVuABhAJVATZUQQ+iAmipxAWqqZABfDaIDFVWi8N0JqChjH6Djp8eFQLgtULMd5AAdP1osA4qrxAsorpIB3BoIgZrtIAsorZIB/O4bHOj/zjIuEGRARoS7A30/qiEA+n4aRwB0/cCVI1DjYwIhOlBWJQN47B0cKKoS1XaQC4QBVAIlVeIKlFSJK1BSJart4P2AEB0oqJIBvPRnN14ALVBQJc5AGEAlkF8lzkB+lTgD+VWi8t0RCNGB7CoZwOQIXtPtVwVAbpX4A2EAlUBmlfgDmVWi269KgMwqGcC0QXQgr0rCA/njq4G8Mu4A5FVJDyAMoBLIqhKdTwZkVUkPIKtKBjDXIDqQUSXK7eBdgYwy7gNkVEknINwHqNwOSoH0KukEpFdJJyC9SgYQaUAFyobXA8lVMoDoccGB5CrpBgQiUOm7MZBaJd2A1CrpBqRWSXSgdjuoAEJ0IK1KOgJpVTKAhUYCareDGiAMoBJIKuOeQFKV9ASSqiQ8UD66ARCiAylV0hVIqZIBLDYCUOvTAWEAlUBCGfcF4lWidh1iTIqjfy5QM+i56YAQHYhWiXoTszcdEK0SP+BfMqD6yRwZWPt1b+BSSRZaJV7AuTIXAYDlUGgZF0c1BEKlINEq8QJWz3cMaHadKQOX6unUGVj/06hYlZhdZ8pAqE4GViVOwHew8vE9gYQ/RY+WsQtwJpzwEYDFdGFVUhjWDgiEYF2BW7BSjrEytroQloB7AZRyjFWJB/B7ckojIECr60wJCNGBtDMeEGF74OHsklSJK7CULwyIjmsGPEYOCQRatMYXQiKwEK3xhbAAJEZrvOEiAgvRYgALVdJ4R0gFor1a7wipwMJJGCPFhXBNfRZAaOkjAwtnVA7ocvvtHBLtlgPa+QrAy+UDr5IUaOijA/GgyWJs6fvNwH9DPAmvQFMfAzgRgbY+e6CxjwFEq2Rp6WMA0dCnjqeH8Y8rkNZxMjBJgVjsY0fzDBeAyeUNPQkpfaIAp55ANH3oefq3LxDt2TLDLOBUBWI9nIDY/NTn2AmInIRLrUMc4HT5zfX/rYFIV9qNWHsgpMCpDGyRYR4wXyVQ/rUnMD9Fe8cWPh4w3xflL/7AqQRskmED4FLUOwNzk7QVcZMa5gJziLmAdwfmOm/9puQ3Fk9JuMBUsfez0LCAOV8uj21PQTvgFAOYztN2lWnk4wLT3gueYYunJGzgdO1GeWeIJzCBzG0zzAYmqQQ0w32ASXdom2E9EDk1DYHI2NhLcNfujTPMB37murXLMB94may5cYbxN0oTX2WdsydmV+B06gaNM2wDnLIjWAGrNzSKVdI6wwLguX+mbnoDj/MFmaR7AfGPpO0eSMUtgNV7VshJuPHaZlgMhMv/IwEfl2d8TX1P4MQEfpx4jTMsAmYyHhmYP9wSmJ8CKrBxhvXAxhnGgRAjw09g5c5zpTX24cAgGVYDJwdg+dZ45wy/gLkpJH4xWeuLzBdkEgMzR7YAZuaBeBls7vuaqUkIbJ/hL2AaCEjA5hcZ/KNzNGByWDNgMoVRMrxX60QA/snKsMnLON/A62TkgJ/XxF8fVYuGvFaZvQw+J+xEdPBhn51DgY3fZ1QAnqcwexn8vBwypcO1BJ6msATcDyqPbPIyzimX0+HHUAS+H4DHRQb9bFoN+OwxeQOPEetAr4a8ATXn6w88TKEBcKr24AMf2Z8GAu5TaAE0amfKNoX57arPdaUI3KYwLvBhBjR5Z1kK/JpCiAt8RAe+pzDrC3EOfikiA59TiNxWYAGNnpJkLI/owN9TiNxWiAJ8RAd+TI2/20ENfIAB0OgpCfU+4AAO4M8DTgM4gP9HICPoEh5o5BtAdWP9pd8eQI6PA5yNfM3+XrcVEFoBrXb8LF8HIO9PxncAAg/IuINZ/iZwcuP5/IHMDPsDgQlkPHM3+jxTcCA3wxygySsCXB9nx2oBZGfYG8jOsDeQ72MsJfSeaBNkmA60eEoC0YECH30pMQAKSsQXCBIgra37U5Lvn/37u/1qF9Kk/fGrt2C0mO0/UhuqLwCxoH4AAAAASUVORK5CYII=""}}}]"
"3511RHPAE0Z1UE1NFLL4QCIU3N9LR4","3DCJP2JIFQ0ZYZUYKAWQPBIIODJ3CJ","Label the requested items in the image","Label the requested items in the image","image, labeling","$0.02","Wed Jul 15 14:43:27 PDT 2020","3","BatchId:286363;OriginalHitTemplateId:921635025;","86400","432000","Wed Jul 29 14:43:27 PDT 2020","","","3G5F9DBFOVITO9X8NMGIO1A69W8VH3","A1TPME0E240QPO","Submitted","Wed Jul 15 17:05:15 PDT 2020","Wed Jul 15 17:09:40 PDT 2020","Mon Jul 20 17:09:40 PDT 2020","","","","265","0% (0/0)","0% (0/0)","0% (0/0)","http://langcog.stanford.edu/expts/saycam/frames/17-A_20130531_0818_01.mp4-21725.jpg","[{""myTexts"":{""inputImageProperties"":{""height"":480,""width"":640},""instances"":[{""color"":""#2ca02c"",""label"":""play gym""},{""color"":""#1f77b4"",""label"":""pillow""},{""color"":""#d62728"",""label"":""table""},{""color"":""#9467bd"",""label"":""cat""}],""labeledImage"":{""pngImageData"":""iVBORw0KGgoAAAANSUhEUgAAAoAAAAHgBAMAAADH/8HXAAAAAXNSR0IB2cksfwAAAA9QTFRFAAAALKAs1icoH3e0lGe90MF7xAAAAAV0Uk5TAP////8c0CZSAAALA0lEQVR4nO3dbXLquBaFYZPjAYQZuNIT6Com4K5i/mPqA+HDNpItae0PWV7vn5uE27F5asvKIUC6jjHGGGOpnc7nb+9z2HF/+c4ULO/8iIJFnd9RML/zLApmdl5GwZxOH34UzCjER8HkInwUTCzKR8GU1vj2ITh4HnyDr37Bn7/5HT1+8duH4M9vg9Phk/jqFfx553L8VL46BX/meZxCBmBtgl8/ywaHs8gBrEzwE9BjBLMA6xIMAA72Z5EHWJfgJ6CDYCZgVYIBQPtFnAt4PpufYrTAGrYfwXzAegRDgOYjWABYj2AIcDA+hwK/egRDgNaCRYC1CAYBjRdxGWAlgsGLoPEIFgLWIRgGtB3BUsA6BMOAg+EZlGzCFQmGAS0FAcAaBCOAhosYAaxAMHIRNBxBCNBfMAZoN4IYoL9gDHCwOgHMz18wBmgmiAJ6C0YBrRYxDOgsGL0I7gfQVzAKOBidgACgr6AzILgJVyDYBKCnYGwNDzaHFwJ0FGwE0E+wFUA/QV9AMT8/wWYAvQQja3iwObokoJNgQ4A+gi0B+gh6Asptwo6CTQF6CLYF6CAYvggOJsdWALQXnAJ2DQDaC078rAE1/OwFJ35tAFoLTvwaATQW/Hr7zabRIC1AW8Gvyci1AmgrOFmytoAqm7CD4OSStwb45/Kv8IE1AS0FJ1vGCuCfy0VaUBXQUPBreH24Ani5J3pgXUDfRxY+bvlzkRdUBnR9ZGF5w9NPdBkr+3kIRgEvk8SOJg72eiXic7bFTjW1GOCfi4agOKD3k92igHM/sWUsD+j+YtgI4GWZiGATjwYuCgMuB1BoGWsAeo9gGDDgJyHYxsOp84KAQT+BZawC6DyCIcDQAhYRPApgzA9exhp+3ms4ALjiBwrqAPqO4CdgdAHjy1gH0HUEv55+w+tL637QECoBeo7gJ+CmHyCoBFjFU86Hxxc2FjC0jNUezHIcwQ/AFL9SQb1HA8U8slsCpvkVLmM9QL8RXAAmLeBiQcXHo0VRcloApvuVCCoCuo3gHDBjAEsmUM/PbwRngDl+JduIJqDXCM4AdRew8q+UZF2SmwIqL2BlQKcRnABqL2DtX2oKyyQ2AdRewNq/VfcZwTeg+gJu8WkJE8B/1Bdw44BDl74LFx5LG9BlDZf8W7j0WNqALiNY8IBq8UPS2n4uIxgA7LR+K6IO6DGCL8DlDfJ+BoAOIxgF7CKGwO+U9AE9X3gYvDXwsyFwLANA+xFcB+w+DIFDqW/Ct4DzK2sTsJsZIr8UNgE0H8EUwE7mCecmgK4v3FwP9TMCtB7BdMC/YU/OsgH0euWrwUvlbPysR7A9QOMRbBDQdgQbBLR/5bANoNEecjYeQQKCtQho/dr19gAtR7BJQNsX/1sBGvpZjmCbgIYj+PQb1I9kCmg3go0C2o1gq4BmI2gGaLkJ39K+P8+aBbQawWYBrUaQgGAEBDMDtPYjIAHnERCsUcAvAmKZAZpvwmb/FPkiIBwB4QgINyh//+YBtTP3IyABZxEQjIBgBMSy34QJSMBpBAQjIBgBwez9CEjAaQQEIyCWwx5CQAJOIiAYAcEICObgR0ACTiIgGAHBCIjlsQkTkIDvCAhGQDACgnn4EZCA7wgIRkAwAmK5bMIEJOArAoIREIyAYC5+BCTgKwKCERCMgFg+mzABCfiMgGAEBCMgmI8fAcHc/ui6fAQEIyCW0x5CQAI+IiAYAcEICObjR0ACPiMgGAHBCIjltAkTkICPCAhGQDACgjn5EZCAjwgIRkAwAmJ5bcIEJOBvBAQjIBgBwbz8CEjA3wgIRkAwAmK5bcIEJOA9AoIREIyAYG5+BCTgPQKCERDLbw8hIAFvERCMgGAEBPPzIyABbxEQjIBgBMRy3IQJSMCOgHAEBCMgmKMfAQnYERDOE9D7votEQCzPTZiABCQgHAHBCAjm6UdAAhIQjoBgBMRy3YQJSEACohEQjIBgrn4EJCAB0QiI5buHEJCABAQjIBgBwXz9CEhAAoIREIyAWM6bMAEJSEAsAoIREMzZj4AEJCAWAcEIiOW9CROQgASEIiAYAcG8/QhIQAJCefsR8KiA1/H+P+6b8E4Ar4HuNxAwLQKChQDH2w0ETKuPjSAB0woCjl0Fm/BOAINr+DaC3nwEPDTgWAHgXt46K3gRvFawh+wbcCRgagREIyAYAcGCa3j05tsfYDebRQKm1z/4ZrNIwIwefN1UkIAZje8PewKCPQX/8+bbK2BHQDQCohEQrCcgWE9AsJ6AWAQEIyAYAcEICEZAMP4YA0ZAMAKCERCMgGAExOKDCWAEBLs/IOjNR0ACekfAwwJeCYhFQDACghEQjIBgBMTqCYhFQDACghEQjIBgBMzt+niXhPenBMzp8bT8xefefPsBfL00ZP6F+z1wfcHcPgBfLwx5E04AXQV3ATjzexBOAR+v/O883gFgD4DXj8YlYHf6/b8SMNCn37vlPbBfzNUDLpcvAfNa9yPgVht+BNxog4+AG2363QBn/wUBJ20tXwKul+JXAaCTznZJfgSMlsRHwGiJfrdnWM7+OwLeS1u+BIyV7kfAUOl8a9fAbyNLJ6SVcvyuy5/D3mpWw+ikFC9j/a4Bmq1mJ6ZoeX5RwNtXjwmY5xcFvH18SMDMAYwBvn9PcjDAXL8I4Pfk42MB5vpdT0HA6ceHAsz2G4OA35OPDwXY5wN2iztwmt6nwwFm+4UBX58cDTDfLwj4Pf3kSIB9EeBp/k1O03t0MMACvxDg9/STIwGW+AUAZ5vykQD7QsBFc88DAZb5fQLOOxBgmd9147taXARNeDYrHEACPir1I+CjUr8tQIuLoIXPVsUDSMB75X6bgAZr2EJoo3I/At4C/AjYQQt46+fozuIiqC+0ETKA4+Z3bx8Q8SMgtoBTAPUvgvpGa2F+BMQWMAHRAUwA1L8IqiOthPodHhD1OzogPICb/xDpmgbE/VIA1XcRdadouN+xAQX8Dg3YGwGqXwS1oWJJ+B0ZUMSvZcB+XL+ZgBv1qz/lCvklAWrvIkJgQaLorUJ+Y8qZ7BSwW7uHPQG3e9zH0E1SfmmA2hdBSbRpr3u5chMBV+qjd7OPghAwwhS9wQRQ9yKo9q4nfeyeyvlVAahhF4KKfHn3gIpvu7O8t79f7SUB005EFVDP73PUxuBX9QE1dxHN930K3mFRvwoAFf1kF2ulgKpvPFYPoN5FUNPvCIDK73zXPqAqX0WAWhdB7bdebB5QE++Wut+Yeib79NPfRcbUM1Hx03/v1HoAVXYRRblHbQNavHlv04CKbq+qAVS4CJq8e3TLgHpqkxoGtHn78l4ZMP1MxAH10KZVAyi+iRi9f74y4Jh8IuKAembzdAHTz0Paz+wPOFQCuNsB1AUck09DGtDuL4j0dQAK+xk+qVcVMPks9juAlQAK+1k+q1wTcEw+C2E/07+hpAiYfA7SK1iR67MaAIX9bP+Il57fmHwOwoB6WKEqABRewbYD2OsBJp+DrJ/xALYHaPxnDPX8xtRTEF7Bilih9ACTT0HWz3gAe39ADmC4MfUUZAGt/5BrBYCiftYD2OsBpp4CBzDcmHoKooDmf4m5AkBJP/M3R+j1AFNPgQNYE6CmVTA9vzH1FCT9zAew9wfc9wAqAqaegqSf+QC2toIVpTbzApRcwfYDGE4EMPVggn7ebxYdaleAtQxgpD7Lb0z8rpIrWPPey5ZgOeZ+T1yy8gGMFLNEvmfzAxipRwYwXM5Y7nMAI228L2FB25TSR2y3AwygVRxAsU4JA/g/JOG1bklYlBwAAAAASUVORK5CYII=""}}}]"
"3B6F54KMS7X05MXW103QW7ECRJNS1T","3DCJP2JIFQ0ZYZUYKAWQPBIIODJ3CJ","Label the requested items in the image","Label the requested items in the image","image, labeling","$0.02","Wed Jul 15 14:43:27 PDT 2020","3","BatchId:286363;OriginalHitTemplateId:921635025;","86400","432000","Wed Jul 29 14:43:27 PDT 2020","","","382M9COHEN0HRKH6SVY77CBA39AUE0","A1TPME0E240QPO","Submitted","Fri Jul 17 07:45:32 PDT 2020","Fri Jul 17 07:48:32 PDT 2020","Wed Jul 22 07:48:32 PDT 2020","","","","180","0% (0/0)","0% (0/0)","0% (0/0)","http://langcog.stanford.edu/expts/saycam/frames/19-A_20130531_0818_01.mp4-22670.jpg","[{""myTexts"":{""inputImageProperties"":{""height"":480,""width"":640},""instances"":[{""color"":""#2ca02c"",""label"":""unknown""}],""labeledImage"":{""pngImageData"":""iVBORw0KGgoAAAANSUhEUgAAAoAAAAHgAgMAAABIvzR3AAAAAXNSR0IB2cksfwAAAAlQTFRFAAAALKAsH3e00sbfdAAAAAN0Uk5TAP//RFDWIQAABd5JREFUeJzt3U2W6jYQBWDoc5hklEG0iaxCS2CA98NSGOawyjTQoQH9WCVVlS7k3mFjv/e14dqyG9mbDcMwDMMwDMMwDMMwDMMwDMMwDMMwDMMwDIOTv2YD1nKYDVjJdpktWElY4mxCPcuyn02oZosO3C0LdkvCsmC35NsH3ZLtBYj8IQzowIsPuiVXIHJLrm8xcksC+nu8Q3+PtwSOBv0zeGsJMnD3FkDkYx38aAF+vIUPhB9S794AiLyXudYYGwh/5v7dEnhgnE2oZ4cOhL/+Bg+Ev8SKf5GaYRiGYRiGYRiGYRiGYRiGYZjBfJ1nC1bydT4fZxuq+QZiCy/A82m2opIr8PzPbEY5NyCw8Ad4hi3zHYhalV8gqPABiFnmRyCk8AmIWOZnIGCZX4FwwgSIVuYUCFaVDBBLmANClTkLRKpKAYgjLABx3mQCR0PgaArA02zXPQSOhsDRFIDH2a57CBwNgaNpHbBGf9otrcBpsyuagbNm0LQDJ82SEgDnCCXAKXP18sB0vLrMEjYCf2alT5gxKgW6l/kPKdBbKAc6lzkPPNWAvlXpAnoK+4COZe4E+gkbgbtXoFuZ88DjOtCrzP1AJ+EA0KfMQ0AP4RjQocx5YLJYCWhf5kZgKAHNhcNA6zKPA42FCkDbMqsALcucBabnTCtAQ6ES0K7MWkCzqjQCV31mQj2gUZmzwFMf0ESoCrQosy7QoMzKQH2hNlC9zFng8XWp5KzTT6gPVC6zBVC1zCZATaENULHMRsBoC0yWggcWzzoJJNAEmI5XPw+o5iPQCRiwgCcCpwMVR9UEWgCPSMC/m4BCH4GfD1S8APKWwHQpAj8dOPHCghEwmgLT8SqBBBL4lFOykMKFhT+xgMm/sM39EAl4+3HP/tsH+PsPREzg42vCwawL8HX9OAY8agMze6n2zdgEDELfoWX1CAMs7+ZBgLUl13c89sC1D7AcmC40BFxfvLoZzYFtewBn4MMmaRwIzQM2rjoIFPoegK0jSQkwM/++HxjAgc3HyFnA1hUqh2ZTYPMG9AZG6Xoi4EkNGLyAnWedgtXmAAM4UOkLaXZAyQrewMtKovMYEfCoAxStMAEoOxH0BwpXGQR2nBYHcKB0m4uA6TJyoHQFZ+BB/BtVgIlPAyj1eQPl+ShgZrwaZgKT+yygARMhHPD1mzN4wJddISDwWYgIfKryCRG4qQPNfevAL3TgQ5VBgb9CVOC9ykdU4H9CXOAGHviFDrwJU6D4rNMMeK1y+lMg4EWIDfyuMjhwAw/MhMBRoP1ZJ4EEEkggNjAQSCCBBNoC7X2j09zsR6zD8/CsiQoTBW2PdyozGYMhUGmSlh1RbRYZPNCKqHm3LpNC695OzKDQ2vc7Uyfq3zIuoAOViTZ30IQHKhba7B6kWkTDOx7rFNr0lswaRON7Rgd04Hih7W/yP9gWAgkkkEACCSTw04GD4xkCCSSQQAIJJJBAAgkkkEACCSQQGGjvGwN6PAt5xOfynOERYAQH+jzsegDo4hsAOj0tvNvn9KzwfmAEB3o9Dr4b6OXrBbptwE6gV0MInAb0+wh2Cj2BXV/vcQX2CH2BHd/iMgFuy8dPsdAKWIr4hlvuQOnfjf2BQqEJsPI2Xg8M8ECJcA5QIJwEbN9lmwAr//tB6JsCFO0K/YES3QSgOCZARR+BBPZEdVYYgQR2RHVOHYGjiQbA0LOhSh9cGGBp704gIrDDRyCBmuk6FO9L1SKwMZHA33SNFUCA5QcagAD36MDyLjKWVjMAFjbFUr1yhAEsHi5QgBEceKgcpj2BRcS++ghWAGBEB9YfYlt4zRG4BwEWEfEzgeo+AodTHCvE2jjiDYCF9hPYBjw4AgOBBE4GlgwXYBF/KP5mBBIoTXk88NbAPYH3lMcDa8D8mr7A4msEvhEwEEhgCZjZg6rrNrU/1EmBFroVYPUo8/yqkU4JaKfTAJrqqn+oawEa6waB9roxoE/ggRUmEvAn4QVRHelMDARiPbs4W8Aw/9f8C2YhkNY2AccKAAAAAElFTkSuQmCC""}}}]"
"3QXFBUZ40P1DOEF38OJTIV06E5RUGB","3DCJP2JIFQ0ZYZUYKAWQPBIIODJ3CJ","Label the requested items in the image","Label the requested items in the image","image, labeling","$0.02","Wed Jul 15 14:43:27 PDT 2020","3","BatchId:286363;OriginalHitTemplateId:921635025;","86400","432000","Wed Jul 29 14:43:27 PDT 2020","","","386PBUZZXLIMJAG4XIHXD5SJVQALJF","A275HKY8EPXRBI","Submitted","Wed Jul 15 15:18:58 PDT 2020","Wed Jul 15 15:21:43 PDT 2020","Mon Jul 20 15:21:43 PDT 2020","","","","165","0% (0/0)","0% (0/0)","0% (0/0)","http://langcog.stanford.edu/expts/saycam/frames/10-A_20130531_0818_01.mp4-13330.jpg","[{""myTexts"":{""inputImageProperties"":{""height"":480,""width"":640},""instances"":[{""color"":""#2ca02c"",""label"":""person""}],""labeledImage"":{""pngImageData"":""iVBORw0KGgoAAAANSUhEUgAAAoAAAAHgAgMAAABIvzR3AAAAAXNSR0IB2cksfwAAAAxQTFRFAAAALKAs/38OH3e0N+0lTQAAAAR0Uk5TAP///7MtQIgAAAdYSURBVHic7d0xchs5EAXQsbY2QbIRcse4hHSEDdb3maMgVOkUPNIeYKu8piVZJIUButFA40v+P3BCk/UKaPS0ZRvcNob5zfPtYbWgkW83eVgNuk28FV5lte5H/iTQmI8N/Ge1biPQHgKtIdAaAq0h0BoCrSHQGgKtIdAaAq0h0BoCrSHQmkigMQRaQ6A1BFpDoDUEWlMF/r1atxFoD4HWEGgNgdYQaA2B1hBoDYHWEGgNPLDmI1ASAq0h0BoCrSHQGgKtIdAaAq0h0BoCrakCH1brNgLtIdAaAq0h0BoCrUEHfiHQGAKtIdAaAq0h0BoCrSHQGgKtIdAaAq0h0BoCrSHQmg8OXK3bCLQHHvixb1YjUBACrYEHRgKNIdCaqo9AQQg0pj5tEUjg/NRnBQI/ATASeJiv0MCnH4EFhqfn7JLfXPdNAKanX3mEA949XWeHAoand8k4wPReJzsmjUfxbGCGAZZ9gmOyGNg+JquBzSVszAqjgLf9RX5MlgMzOrC1hLHuG3XtVjgG7ujAxjFxAqZjYGOPAYC5+s66zwVYX0InYM1XPyYIwOox8QFW2mBjCVuPYh9gRgdWjokTMDSAGR14fExas8IgYGoAj48JCvBwCVGAh8ck+gCbvsNjAgM8WkIfYKsNnrOjAw+OScPnCDxYQh9gkAAzOrB8THyASQTMhXe2HsWuwNIxgQKWjokTUOYrLSEWsHBMWrOCMzAvAor6dHkJ0YD7GmAQA98dkwgGfLeEcMC8BJjkwNtj0vL5A/MKoMJ3e0zwgDfHBBCYL9/ZfBQPAcr79M/ogCNutVICszsw6ICXxwQSeHlMmo/iJcCLJfQBJiXw4piAArMzUOu7WMIICtzRgb+OiQtQ2aevlrDpWwXMnsDQAXw9JrjAjA58PibtR/EIYOoBPh8TZOAjOvDJD9jn+7nH7Ufx7wDs6dMEjgCe3xs9gIFAY5IB2PatAz4S+Jo+38cACh7FdmBvG4QHZgJfEgxAwaP4NwCmTuBO4ABgJHCbPm3Zb7WyDNQC34Brt+CBCR0YunzSaWvEzWrdQMmjeAQwoQMDOrCr0WRHYFcRnoGSR/EQYEIHBnRg79/kuAF7ivAMjG7AhA4M6MCOIjy/TeIbdMspPDChAwM6UF2E4llh1E278MCADtTusTtQu8dnoOhRPAyYdMDsDgzowI5/5OgLVBbhGRh9gUkF3P2BAR2oK8IzUOQbeKk8PDBpgNsCYEAHqopwkz6KR36xATwwyX3yYWYkULHHa4CKPZZPW0OB8j1WAAf6FI0mrwHKi3ARUF6EZ2BcAEzowCAF7ouA4iI8A2W+wZeIwgMTOjAIgdsqoLQIN/GjePRNu/DAhA4MIp9i2hoNlBWhYpgZftuzaI9XAkV7vBIo2uMzMC4CihpNXglMQqDQNx4Y0IGSIlwKlBThLu/Tc2+9xwQGEVDaBicABUW4Figowm0tMEmAcSEwoAPbRbjJ2+CUb/9o+R5XA1tFuBzY2uNHRZ+e8wUv8MDGHmdFG5z7FTmwwPb12YuBjSLMij49CVgvwm09sFqEeVO0wVG33t+kWoQbALBWhDsE8LgIpRdATAYeF+GOATwsQvElJJOBjW9FkvfpacCDIny57AgAeFCEL6/G9cDyHmcgYHGPX19EAJb2OL++KPZNBJYaza8XEYCFIsyvL8nb4EzguyJ8u3YQA/iuCHcw4G0Rqu5t9ADeFuEOB0xHC6hog1OB4WgBUYB3RwuIArwqwqsX5L65wIsizJDAcLCAijY4F3h3sIAwwK28gEDAUFxATZ+eDLwrtBgo4Pa+R58TcYCptIDDgX+cuoGhtIDjgd+f858eeFdaQE2fVgFfc1IISws4HahZ0FT67iMnoGhBQ+FrcTR9WgT8qw6sLuhdhgHKN17Tpwn8kMA4GnivAX4fDJRcuzUaqPER+BGBqj4tAqp87VECHqhqgyuAKt8CYFwN/Lf+YboNFgEb46ASqPS5AyM4UNdiFgDVvgnA2rwVpwBV42AVqN9gZ2CHzxWobYGTgIfjTM8GuwK7fBLg/Rhg1wY7Avs22BEYcYCn0od0brAbsHeDRUClrwiM4MDuDZ4CLIwz/T4fYAQHGjZYAlSOgwWgxecBjGjAm3mrvwU6AW2++UDTCREBteMggWbg9bxF4GrgQxN4//mAJwJHAiOBah8+8GreIpBAK1A9Dt6MMwRagUYfgfOB+nHwet4ikMAVwJMn8P6TA40/OiIQFHgxb80HdvgI/PzAi3GGwI5x8Apo/dEMgZjAi3mLwJ5xkEA78EQgDrDh6xoHL4GRwC7g27xFIDywy0egGfg2bxFoBVp9LWDfOOi4gp3At3nL/Ke62UDzHk8HWseZ6UDrEjaAfePgFTBCAk9vH2E8JvOBxj12ANqOiQPQtscN4H0ncNy/CvAAmvbYA2g6Ji7AiA60HJMGUMc6HX3MSqDiniFHYOM/OVejPNMKoAFVyCBgx0VRqrSXczJAmIgOfE6xG61GFRLRgc/5gg58Sfz56/8YrL+nZ+QgCwAAAABJRU5ErkJggg==""}}}]"
"3J9UN9O9K8D7ZUTOINQCQ14FQ84J01","3DCJP2JIFQ0ZYZUYKAWQPBIIODJ3CJ","Label the requested items in the image","Label the requested items in the image","image, labeling","$0.02","Wed Jul 15 14:43:27 PDT 2020","3","BatchId:286363;OriginalHitTemplateId:921635025;","86400","432000","Wed Jul 29 14:43:27 PDT 2020","","","35L9RVQFCU3TBU88IW6DSF8NVP2UHG","A1TPME0E240QPO","Submitted","Fri Jul 17 07:54:27 PDT 2020","Fri Jul 17 07:57:18 PDT 2020","Wed Jul 22 07:57:18 PDT 2020","","","","171","0% (0/0)","0% (0/0)","0% (0/0)","http://langcog.stanford.edu/expts/saycam/frames/11-A_20130531_0818_01.mp4-14315.jpg","[{""myTexts"":{""inputImageProperties"":{""height"":480,""width"":640},""instances"":[{""color"":""#2ca02c"",""label"":""person""}],""labeledImage"":{""pngImageData"":""iVBORw0KGgoAAAANSUhEUgAAAoAAAAHgAgMAAABIvzR3AAAAAXNSR0IB2cksfwAAAAlQTFRFAAAALKAsH3e00sbfdAAAAAN0Uk5TAP//RFDWIQAABmRJREFUeJzt3UF22zYQBmB5kSPgPuiie/Y9KoscoafoUbrpe61O2cgWQ8vEgBDmh+Yfcf5dpMT+TGAGFEGHp9N9vp0fzyz8o9OIJHZgh+88Cz8VD1B4fYTvLYDK9BQxP1DKCGAC+uYRQKAvgOpMA3xdXcYtMB8RCG2DAdRmgA+6kARQmyELCT0Q6BsCPNZKd0ggtE/TA/MRgSmArw5E+oacKwRQGehCQn+ucEggdCGhB9KfK4wApkMBcwAJgUhfABmB0JUugIxA6EoXwAB2JAUwgMZAqC+AAXw82HOFABICsUtxAAP4eFIAA2gMxPoCGMCHAz5XwG/VBTCA1kDwyUwAtcHvxtIDUwADaAzE+gZsuLMD0SsdHIheSI4HTGBgRgPBPjgQXSNwIHoKwoEJDQT74FMQDYRPQTQQPgXpgeiTmcQORPv4geClGF/EGQvEF/HRgAkOxPoCqA7cR98GjwbE92n6hSSA2uQAKoP1HfATCT0QvZAcD4i+OHg8YA6gMmAfHAjfZaK/wo8GZnYg2se/2Q4G4jc6wUC4j//+3wAG8MWA9G3GK1DhHgo8r9+DEfh2+/P7xYvuRXog8P2FvFwFzxzA+etXnperP72HcBzw9kpevgMbcLlsNqVFSgbcfOHOVjPslL9iJwV2TsJRwMKV29wFTGDgoij84FzAwtftq5InAvuqBA1cDlPhrT4g2FcD9pXxIGBx+4UCODsBFttr7vCN2gkL4AsDPxQpgK8LnLBA/HYxPXAOoDYBfHlgZgdOAVRmdgEsvkMCPIvADt8xgdkrsOvKwgjgJJxmBrA1swDsuvxGD0wDgGfh535N4Ajfzz4Du7AwCphQQPzH4msmp8AO35Auc+0zxZcDqAR2rXRpCPCMW4qPCvyt9CLPQnI+/84OLOYlgWMWEiE5gAHcZsxKJ6TDF8DXB6ZnAnuEzwXOy6ixAtdkdmDzMTQDtp44WPmaD6EdMLMDG8fYDtj4CcoO2DgJDYGZHdg2CQ2BbZPQENg2CQNYSQ6gMk1lbAlsKuMABjCAAQxgAAMYwAAeBvi+JUIMvG3Z0ALfiq+OBU71PYS55Nv8Rw0jM6d2YMPrT89nyDfpHSPbV8bGMTEAf6y+tHlzFt95Wi6Xy9+bCvmUbAz88yfw8ldpBi7JpsDvV9/tEErdKFsBv/9zO4Afh1DultU3x+VqO3/4Lv9WBbMJ8MdlyX+7f3cyOYKP5Ll3fXQkgNrYrnUNCaA2pmcLLQmgNjaL8QMJoDYOgORrXQC1Mf5kvJ8AahNAbTwAk7WhmgBqE0BtPAC5TwgPASz+EiIqCGDx1zhROQQwIyBSpE2UR5ITACLlGEAERAoCOLpI1Geso/sg9ym1C2CyRtQSQG1cAKlPCAOojQsg9TXWAGpjfv/WXgKoTQC1sb6HcDcB1MYHkPlsIYDayDcJkySA2pzY17oAanNiX0qcAIk7tRMgcSN0AiTuM16AydohxguQt894AfL2GS9A3j7jBpisIVLcAGn7jBsgbZ9xA6TtM36AyVoi5BeQtYx/AVmrxA+QtUpWYLKmlLMCSatk9f1hTSmHvETcXFkgnX/XUFfwNeQz0MteXbJWVEJew05ujWKegj7uYbU2VMM+BV0AqWvExW8mWhPqcQDkrhEPQO4iDqA67G0wgOoEUBsHQGvBThwAkzWhmpkdOLEPMT0wB1AZDx/qkrWhlpkdOAVQmcwOdHF9lRk4uwAyX/qY2HdJsg9gsmbIYd+Lndl3s2f2+xUmdmBmv6NiASZriBTye47WpySxTsL1MU7WEiHrM8NIxzifyA/hJ2CythSz+jjL5O6hcMlaU8j9k/+sNYXcP/iPsJDzHdBukMXHFn4BmgnF2fXFZzXIYgfZPBbVptXI5bl9bmt6omtFiAO3BRqMca2/FZ58+0TZR6p7DAVgepqsJQUgV7MuPdzY2nSXEjBZoz5nKgCpzrpKQKoxziUgU5kUgUxjXPJRjXEZyDPGwjPeeca4WMRMY1ysEaYxFnw8YywBWZY7oUZ4xliqEZoxlmqEZoxlH8cYyyN84miFlRHmGOOaj2GM5SZDMsbVKcgwxtUpyNAK6z77Md6ZgvZlsgu0HuNdoHWZ7AONx3iny1xDD0zsQNsyyftA2zFuAZqWSYPP9hA2AQ0P4X4bvMawTBqK+JrEDrQ7hLkNaHcIG31mh/B+hP8HGoSgzf10UH4AAAAASUVORK5CYII=""}}}]"
"3J9UN9O9K8D7ZUTOINQCQ14FQ84J01","3DCJP2JIFQ0ZYZUYKAWQPBIIODJ3CJ","Label the requested items in the image","Label the requested items in the image","image, labeling","$0.02","Wed Jul 15 14:43:27 PDT 2020","3","BatchId:286363;OriginalHitTemplateId:921635025;","86400","432000","Wed Jul 29 14:43:27 PDT 2020","","","3IFS6Q0HJO4DSCROZ9TYDQREA5TSIO","A35LFR9135AAU1","Submitted","Wed Jul 15 14:53:53 PDT 2020","Wed Jul 15 14:57:55 PDT 2020","Mon Jul 20 14:57:55 PDT 2020","","","","242","0% (0/0)","0% (0/0)","0% (0/0)","http://langcog.stanford.edu/expts/saycam/frames/11-A_20130531_0818_01.mp4-14315.jpg","[{""myTexts"":{""inputImageProperties"":{""height"":480,""width"":640},""instances"":[{""color"":""#2ca02c"",""label"":""person""},{""color"":""#1f77b4"",""label"":""chair""}],""labeledImage"":{""pngImageData"":""iVBORw0KGgoAAAANSUhEUgAAAoAAAAHgAgMAAABIvzR3AAAAAXNSR0IB2cksfwAAAAlQTFRFAAAALKAsH3e00sbfdAAAAAN0Uk5TAP//RFDWIQAACKlJREFUeJzt3UuSIkcMBmCmwxPhYO28g4NTpB3hzaxYNLPwETgFGx/Be5YOTumhaKhXPqTSr8ycTmnhCTNU8U0KqURVNb3bKcTX0+mosV9yuFM2vLYhTzBgMr58eqCy716HBhSFM6AwpL733oHiLtM9UNxlmgdqT1vOgMKQ+toHel2fuMt0DxR3me6BTgzU9cmLuHegvIh7B8qLWHnaah7oDCgMsU972modCOgynQPlXaZ9oFcFOgMKQ+5rH6jqA3SZzoGALtM50Ml9utNW80C5r3Mgoss0D1SdthBdpm+g6wHoNYEAX99ARJfpG4joMqrTVvNAZ8DPDkT4VKet1oGQNmhAaWhOW5A+3TXQGbAFoFcEInxdAyFtsH2gnq99IKRPdw10XQA1p63mgQhf10BMG2weqDhtNQ/E9OmegQ4C9B0DIT4DNgzEtEHFaat5IKYNGrBhoIP4FKet5oEQnwHFoTdtgfp0x0BQGzSgNLwa0BlQGBifAdsFgvp0x0BQG9Rr1AaUhusFqDZRg3z9AlFtsH2g1pmF5oGoNtgv0MGA3oBtAmG+9oE60wKuDRqwUSCuTytNC80DnQHbAepMC0Bfn0BgG/wJgL5HILBPdwp0SKDGtGBAaSB97QMVpgVoG+wSCG2D7QMVpoXmgc6AwsD6FKYFAwoD26d/AiB8WgC3QQO2B3RgIHxaQK+gAT89ED4tGNCA3PAGNGBlIHpaMKA00CN/+0D0tGBAA7LDgAasDfQGNGBlIHpaMKABuYGeFgxoQHYY0IC1gb4zoOsb+NYicDotvN3+ax14kxL1gbfbtXXg7XZpCTidFp5AAVEXuL+N0TxwY7UUBG6rFjxwOi0sgFuIhYH8aikO5FZLBSCPCL/UNJsWDmEgp6DrAK8G/KmBk2nBgFJgxNc+8FIVOJkWdIDvwlPr6sAhRa51oCD5pYC7zedFXtu/aQM3ZhoKDNTDMfcEOZDuywN3/EwXB3ILpgKQl+kqwB2jYGoBycv4ev6+NHBHKpixUceAnHMMXCChYNSB2QsJmUzrA0/5K24uARwzoAjMI+OZLgacv1ggstscdIB/LP7fx7Z1YeD4/BjwygAGlmEJjCJbAt6jeeBpWTeROhmfUB44RzYKvMeRBoz4CgDv4WMtqhVgLLAf6gzYIBB77qhvIOJzuwLQB4D//nh0AuT4SgD/OT1KZxvQaQOvj34+PHJoD3h9vsLHw3sAUHjr8rjrx00pH0fsV3vctwP89f6fL+vHebf7KALn+/cslh5w8Vnwa+wvGgFO99UkcLr3jbeAo4Ezxmzm3phjTeBiT7PXJXcbEXC9ceoawfhXjwPKtQrQj7tefqh65PjAnGpEwECMwNV+jssBjHSORg+42vPfq8HwSgCuP9wygH8lgOsdr4GUOkEDowkOAglLqAV0JCChTkTAwOgY3W0YmK+T1Z7eZcBjLMFhYD7JaGAigsBsnYiAHgDMLWFB4DkIzNVJQeC3MDBTJzIg60JyBJhZQhmQdTU+BkzXiRDoGMA/Y8CrIpAzWUSBySSvXoEH5CxhHJiqEymQ8+woMLWEUiBjCaMnNJN1IgbSnx69sJOskzWQ0TruQPrTU8B4kuVAcrNOAqN1IgI+ZisycJ8ARpcw8NmLC6QuYRoYqxMAkLpBBhipExGQt4TxCyepJZQBH0LyLVPRKydDhOtECGTckns/83FICoN1IgUOQtISDqdm+EkWAwehowL3SWCwTsTA+ytTlnB1cou4hHLg/aUdFZhOcqhOAEDa3fUfwHSSA3WCAJKOj89z1NwkQ4Cn93yzfgLTzXBdJyBgfqvXKep0ktWA2SVcnkOPxKpOMMBTvkzup6gJSa4JfBXpgfMmXO6Hd7ZgBGY3Ox7G5ZG8BzcC85sNZ98uuTpZt+qywOfrR5N80QM6CvCZQcZt/oWBzxqIJHlVIuvD/EbgMdsIz/Mloma4OPC5RsEkh6YZGDDXCM8LQ6hOAhlGAfMT13mZRVKJVAC+lnBdJ8HPdTBgbrvzaplWSQ6UCAyYP9a9gK832qpOQj4gcLmnGHB0LJIcKpFywCBknuRghmFAn2yE38O18BZ+uDzwPFupyVJNkxzOcBHgshgma5UrkTVw648Vxw8l35e+qeUtpJ7F8t8NB4YuE0+y+aqTizowvOE54JulM5NhGDB8KAmkd7mE+2SJQIFu9WD4LoDFG+6QzLAqMJzepedtKdYBBg4lcd4ctE9lGAmc7yr29vuIqeGWupqoBUykd4jpkiW/p3ANdFuB00aY4S3W7HApAJzeH5BJ72oJUwEEvt4c0e4yDerPyCoA4zcnzCKRVhXg81j3nrlaw11CJNANfxyIQOISLmcQIdDTfcQyWQBpF2VC8X7PRu4U+TyKA3/JXWTYsoRI4C53OXMRpDKBAYf7aw8sIKlMoMA9z0daQiSQ9QakLiEO6HlvwCGujQMJGa4IJB7qcMAjC0j+wo86wCuVVwfI4H3EaBIAqXPWhc2bKtWBW3XP+E0AJPRpKW8INaD4O/CFwBP3fo6mgDieCvAC5AmAsY+bWB58BcE6MBBVuBjgvggPB7zq8FDAixYPA1TkIYCaOgBQmScEKhUuCngtwBMAfy/CEwAL+T4vEP3L/gxowGaBW7/w3oAGNKABlYHoX/5sQAMa0IAGNKABPxnQG9CABjSgAQ1owKrAUj4DGtCABuweuPVb24sBt//cWqnYmONywM1fBVEs3BZgsRMLu41lUtC3KcclM7ypTEpmeFOOfVHghhyX9fFzXDbDG3LsCwPZrbC0j5vjsk1mCB7Qlwc6FrC8j1cmFTLMy3HpJjMEp0x8DSAjx1UyzMlxlQxzcuzrABm/s6BSOKKv0luQnmNfC0j+wv1qQctxtQxTy6RSkxmCBPQVgZQcV8wwLcc1M0zKsa8KJLTCqj5Cjqu+BXeEMvGVgdkcV/ZNyyRUrl9rZ/hHjn1tgYWFhYWFxeeM/wFPBHHPLX4UrAAAAABJRU5ErkJggg==""}}}]"
"3YGYP13656URIE48RY1J34MJ8I9NR8","3DCJP2JIFQ0ZYZUYKAWQPBIIODJ3CJ","Label the requested items in the image","Label the requested items in the image","image, labeling","$0.02","Wed Jul 15 14:43:27 PDT 2020","3","BatchId:286363;OriginalHitTemplateId:921635025;","86400","432000","Wed Jul 29 14:43:27 PDT 2020","","","3CP1TO84PZM8BPFBYAVYXZA57PS25P","A1TPME0E240QPO","Submitted","Fri Jul 17 07:22:31 PDT 2020","Fri Jul 17 07:24:17 PDT 2020","Wed Jul 22 07:24:17 PDT 2020","","","","106","0% (0/0)","0% (0/0)","0% (0/0)","http://langcog.stanford.edu/expts/saycam/frames/85-A_20130531_0818_02.mp4-41775.jpg","[{""myTexts"":{""inputImageProperties"":{""height"":480,""width"":640},""instances"":[{""color"":""#2ca02c"",""label"":""frame""}],""labeledImage"":{""pngImageData"":""iVBORw0KGgoAAAANSUhEUgAAAoAAAAHgAQMAAAAPH06nAAAAAXNSR0IB2cksfwAAAAZQTFRFAAAALKAsCO/WQQAAAAJ0Uk5TAP9bkSK1AAADZElEQVR4nO2bPW7bQBCFJQiISh2BR8gR9mhklzJXIpDCZa7AVGllpIgDCN7Yksn94UyReQ+p3le5+kDum51deleHgxBCCCGEEEIIIYQQQgghhBBCCCGE+BeGvFB9l5zzzBSmN+GV6Du++fIrUXh+F+aJJxzuwoUnHO9C4iDeffmF5js9hDea8PIQ8mJ+DGHOLN/xw0erm9MqnA+fKMLLJjxxgkmrcLlwXnvchIkyXbZM8pVT3Vsm+ZlT3VsmrOpOjZBQ3WMrnFDfsfXhS8upEy6o8NIJ4TY7sIVdJnhlZ7KwDxmu7D5kuBDPO+GCCfuQ4ZjTTgim0lcN2sB2IaMx70MGG9g+ZFDYt4Z3JkS4DxkU7kMGW6zhg4RG1WBzz6oaSGhVDSQc2EKraiChVTWQ0PIhQrNqEKFZNYjQrBpEOLCFiS0c2ULTBwjtkAGhHTIgtBYUSGiHDAjtkIElwPbFhcfBFk5RoVM1caHzgPGtiJNJWGh3V2A75w1heMPpzJP4lvjzpvjdCMOb9pLJz0a4BH1VJk+NcAoKqyFsRjMcciqKVAvDmVQKSiZVFT5ThNW4cUIeiuI7RThmh6jQ80WFXmcILwDOkhwXeq0mLBxc4RQTJrZwdIUxH19YBLfWF+xeVXf9QxFWdf2rFQbXvErY9ppof60mytdWGGyHlXCgCMvMaxeUcLMpwtvYCmdU2K5Q4ZlXBu5H64uuykX4rRVGt17F8KUVwmX42nXaJSYsb3xLlJCL5WWkhNxZKmI+b7vO6DUdeK/pwHtNxxIT/sdVPubzhdHWkDxhdMPuCqP765GciS+cyMLwR5T3gOEvZXYmrnAJ+tzuNbGFQZ8rDGfiCcOZeMKFLZyiQmdJiR8QOsL4EaYjjJ/a0v/b7AgntjDsc4TAsbItBA6+6ec8tnBmC+M+W4iczJvNAbk7YAqR2w2mELl/QT+lNoUzWzgBQmuhx+5zkKvGFGJ3YkZuyKZwhoSJHLIlhHzGdwp4L3IvBC8+7b/1wKtZ9Mtje+GECU/rwG3vjvnWdnPdShy+/FoGjhLy+mDzYQ18QYVDSYKRycdzvW5/4td9T1USI+UHAdXsOFMudadM/vmIEEIIIYQQQgghhBBCCCGEEEIIIYQQQgghhBBCCCGEEEIIIYQQQgghhBCi8Bc0d418b+as2AAAAABJRU5ErkJggg==""}}}]"
"391FPZIE5H7ROAAESU1B3VC7T54UHA","3DCJP2JIFQ0ZYZUYKAWQPBIIODJ3CJ","Label the requested items in the image","Label the requested items in the image","image, labeling","$0.02","Wed Jul 15 14:43:27 PDT 2020","3","BatchId:286363;OriginalHitTemplateId:921635025;","86400","432000","Wed Jul 29 14:43:27 PDT 2020","","","3Z4XG4ZF4ECSZN1AKXNUZ9ESMOTX8W","A1TPME0E240QPO","Submitted","Fri Jul 17 07:32:15 PDT 2020","Fri Jul 17 07:44:37 PDT 2020","Wed Jul 22 07:44:37 PDT 2020","","","","742","0% (0/0)","0% (0/0)","0% (0/0)","http://langcog.stanford.edu/expts/saycam/frames/384-A_20130607_0825_05.mp4-37815.jpg","[{""myTexts"":{""inputImageProperties"":{""height"":480,""width"":640},""instances"":[{""color"":""#2ca02c"",""label"":""flower""}],""labeledImage"":{""pngImageData"":""iVBORw0KGgoAAAANSUhEUgAAAoAAAAHgAgMAAABIvzR3AAAAAXNSR0IB2cksfwAAAAxQTFRFAAAALKAsH3e0/38OKZnbygAAAAR0Uk5TAP///7MtQIgAAAhcSURBVHic7d1Lcus2EAVQSipNPFEm3ENKa0gVuYQM4v1oKRqmvAouJ5VRxqmUGVPWhx8ADXRfEC2r7+ypnqTzLtkwH6xPVSVn83v6fdbJ/v07+oCb90n0ASsDSmNAaQwojXpgPQH+UZqzjAGlMaA0BpRGPXBvQGGeDPhemrOMAaVRD9wYUBgDSmNAadQDZ//vbEtzljGgNAaUxoDSqAfWBhTmyYDqt1jVAxUe5DlQ3e7Cfg7UVqIDqOu61QnUNCxuoKISfcC2NOwWH1DNQfYB1aw2m2cFqpkSL7AtLbvGC9QyJV6glpPQC9RyEvqBbWnad/xAJSeh16fkJKyVA30/6NRMScinYUoCB/hdw5QED7CGkzDsU3ASUsDWgAY04CsBf9UN3H58fJw0A49fwD8VA4cCM1SIAx4vQHiFMOB3gfgKYcC3K/CsFfhxiwF5wO0deNIJfLsDz+sCY/9Toh54vAPBKyEeCJ4SFPAjE9C/b8QHnjQCt88EPGsEvj0TELrOGNCAPwV4NOBPB6o/Bw3oTeQ2vwF/PHD7TMCzRmBlQCDwpBJ4zAQkfhvLAiJ9OOBjIcTuzcCA2+cBnnUCH2N8Ugq8TwnUBwS+ZTkFgcAqyymIBB5znIJI4DbHEaaBCS+cOWYoEAqsnGdg/48eYPW2vKnv+04P0Onr/9ML3PWXSA5yVuDV1/dKgXefpMKMwIdPMif5gGOfYE6yASc+QYW5gDMff04yARc+9pzkAS597INc5wC6fNw5yQE8uHzcCjMAPT7mnOCBXh9vTuBAv493kNHAkI81JzSwhflYFWKBhI8zJ1Ag6WPMCRJI+xgVAoExvvQ5wQGbGF/6nMCAkb7kg4wCRvtS5wQEjPelVogBpvgS5wQCTPIlzgkCmOhLO8gAYLKv/3dVYLqv7xM22sVAjq//jN+HlQI5vK/8fV4JyPT1n9EHWQbk+r7m5BwJJH2hV/bwfX0fexZKgBJf/3nKDhT5+v6v3EChr//MDJT6Yq+7uEC5L/JHMg10/rIO4Yu77mIBndtrjHSZgChfVIUMIMwXNSfpQKAvpkIaONveQvpyAKG+DECsz4BKgK0BDcgO5CfJ5HrLgAZEA8mXUT8DcHy9ZUBlwO41gOPLGQMuYkADvk+utwyoDEj7DLgKcHS9ZUADFgGOrrdeDIjZozbgCwBH11sGNKABnWkzAWN+pW1AAw55XG8Z0IA/C9ihgI/rLQMa0IAGzAJUvw7mAkb4yl5uwYCPv25AFjDb1sfLALPtsKKA7asCQa+jzvfbzpcBZntRBQqY7ZVHLwNsDSgEjv/66sCIF/ZM3mwABcbsfNCfh6MfOHlP0+rA+gcA26JA2pfx7SQRwJhX503v0agDzt7ShKwwApi6ylSgt/x9p4MA5++cjPpMFBiwpoHt/D6rAmnfEoirEANc3Ac3JjQwfZUZ0qwHZAwxskII0PX252Y1YM0DosYEAmxd9wMBSR9rlQFWSPp4Q4yrMCMQUyEJ5K0yQzArDQLo+5iKZhVgzQdCKiSBtM//YTONdiBgTMiNBf4QD9EBDHwov7xCEshfZTAVksCaBoa+yazRDhSvNCSQ9oU/c0taIQWUDTGgwuxA6ZhQQOEQV+KVhtr5kAOFFVLAmgZS35coq5AC0j76wxvVA5uMQPkQV8KVZg2gqEICCBhiYYUEsKaBMV96KgB2qwAFKw0BpH1xH1OsHsivMAzEDHElGZMwEDPEQxrtQHaFYWBNAyO/WpldYRhI+6KB3ArFwDYSyF1pgo8ZM8TRQOZKIwbG+rgVBh8SN8RDeBUGH7KGAnljIgXGDvGQBg6kfUlAVoVSYJsAZFUYejzsEFesMQluLEQMceK3C60PTBjiIekVBoGy3V9nsMCIZSZliIc0EGB9e1q6wjYRmLzSuID148CRFaYCkyt0AAfU/Q8UMNWXXOESuJ8UQw1yMjC1QgpIVJg6xFXySrPc+bgMxmM4wxWmDvEQCHDUDByYVqFj72h2bgUrbBnAtAodwHr2zHBggwCOjl2oQo4vbaVxAPezkzCwWjOGeEhKhT7guBv/DzwmMKVCB3CzOLu8FXKGeEgCsPMBf1/cAgQmrDQOYLV8bl+FLROYUKEXODm9fBVyfQkVuoD18sk9FbKB8RX6ge34JneFzCEe0kiAe8cAOFdrATB6pXEBN65ndwG5QzwktkI/cHaCuSqUAGMrdAGvbbWuGydpXXeOTSTQeV9nP44KJb7YlcZ539o5AjUWGFlhAnBxkAVDPCSuQudd9+6C5ouhEBg3JiFg67kdMcRDGjZw4wNMT8PFPyAxURW67+o9hFBgVIUhoGNKJwdZ6oup0LP7VnufvkYCI1YaD/AX/2PChngIvdKkf+n8Y62RDvGQDMDHaYgAkhUygPfTsAUAyTHhACsgkFxpWEDn9SIzVIUs4HJzRBCiQh7wchqCgMSYJH6d+z2gIR6SB7jBAcMVcoFfp2ELAoYrZAOrGuULjwkfiEtwpdEADFaoAhiqUAUwVGFX2nZJYKXpStu+ox7or7ArTbtGPdA7Jl1p2TXelaYrLbvFV2FXGnaLr8KuNOweD7A06xHPSlOaNYp6oLvC0qpx1AMb7UDnSlMaNYmrwtKmSRwVMjcWckU9cLnSKAMuK9QGXFSoDbgYE23AxUqjDjivUB1wXqE+4GxMdOx8TKIeeNAOrNQDD9qBO+3AyUqjErjTDhxX2JW2OHPQDqzUAw/agZV6YKMduNMOvFfYlYb4cquwtMOfRjvwoB1YqQcetAMr9cBGO3CnHXipsLQhmJ3GjYVJ1AMP2oGVeuBBO3CnHVj9VhpgsVgsFovFYrFYLBaLxWKxWCwWi8VisVgsFovFYrFYLBaLpVj+B7ovRmFA44puAAAAAElFTkSuQmCC""}}}]"
"3YCT0L9ONRU3JT4L6N1OTERFUKSNSW","3DCJP2JIFQ0ZYZUYKAWQPBIIODJ3CJ","Label the requested items in the image","Label the requested items in the image","image, labeling","$0.02","Wed Jul 15 14:43:27 PDT 2020","3","BatchId:286363;OriginalHitTemplateId:921635025;","86400","432000","Wed Jul 29 14:43:27 PDT 2020","","","3EG49X3510X5V9IMRIQWFVI1GT3X6A","A1TPME0E240QPO","Submitted","Fri Jul 17 07:24:48 PDT 2020","Fri Jul 17 07:31:08 PDT 2020","Wed Jul 22 07:31:08 PDT 2020","","","","380","0% (0/0)","0% (0/0)","0% (0/0)","http://langcog.stanford.edu/expts/saycam/frames/388-A_20130607_0825_05.mp4-42580.jpg","[{""myTexts"":{""inputImageProperties"":{""height"":480,""width"":640},""instances"":[{""color"":""#2ca02c"",""label"":""person""}],""labeledImage"":{""pngImageData"":""iVBORw0KGgoAAAANSUhEUgAAAoAAAAHgAQMAAAAPH06nAAAAAXNSR0IB2cksfwAAAAZQTFRFAAAALKAsCO/WQQAAAAJ0Uk5TAP9bkSK1AAAA6UlEQVR4nO3QSwrCQBBF0UgPMnQJWUqWpjsvu0XBT5xYBYFw7gIOjzdNynW6VmotIurAOe4VgQ+tCDzHS2lwifdy4BpfJcANLQFua/+Dn88BgUAgEAgEAoFAIBAIBAKBQCAQCAQCgUAgEAgEAoFAIBAIBAKBQCAQCAQCgUAgEAgEAoFAIBAIBAKBQCAQCAQCgUAgEAgEAoFAIBAIBAKBQCAQCAQCgUAgEAgEAoFAIBAIBAKBQCAQCAQCgUAgEAgEPluBQCAQCAQCgUAg8Ohgb64GfwzNgaNysNeqwdFSDY4u1WCvVYOSduoGNCmM+cHkFhQAAAAASUVORK5CYII=""}}}]"
"35XW21VSWLZDVT10UAL9GMNQPPSLSS","3DCJP2JIFQ0ZYZUYKAWQPBIIODJ3CJ","Label the requested items in the image","Label the requested items in the image","image, labeling","$0.02","Wed Jul 15 14:43:27 PDT 2020","3","BatchId:286363;OriginalHitTemplateId:921635025;","86400","432000","Wed Jul 29 14:43:27 PDT 2020","","","384PI804XYM2LHA8VJ4S7MRIOBFS0W","A1TPME0E240QPO","Submitted","Fri Jul 17 07:06:03 PDT 2020","Fri Jul 17 07:09:52 PDT 2020","Wed Jul 22 07:09:52 PDT 2020","","","","229","0% (0/0)","0% (0/0)","0% (0/0)","http://langcog.stanford.edu/expts/saycam/frames/372-A_20130607_0825_05.mp4-19550.jpg","[{""myTexts"":{""inputImageProperties"":{""height"":480,""width"":640},""instances"":[{""color"":""#2ca02c"",""label"":"" shrub""}],""labeledImage"":{""pngImageData"":""iVBORw0KGgoAAAANSUhEUgAAAoAAAAHgAQMAAAAPH06nAAAAAXNSR0IB2cksfwAAAAZQTFRFAAAALKAsCO/WQQAAAAJ0Uk5TAP9bkSK1AAAC80lEQVR4nO3bQY7UMBBA0Yxm0cuwZIEIN+FiSFNHq6P4CCxZIEI63Ulszw5/JCT+P8ATpjydTseZJjMzMzMzM/uDvtHgW8Dg+p0Gf9LgGjTIrvllXX/RILvmO4iu+Q6ia37dwDVpkFzzDpJr3kFyzbcd/EGD4JofILjmeYXX/ARXHEwaxNa8PEFszgeI/SeeYNJggcCvB0hN5QSpq+kJUlO5wGDAtxMsNAhN5QKhqVwgNJUKDBosNMhcnSuQmUoFMh+JFchMpQYLDSJTqUFkKjWITKUGkak0YNIgMZUGJD4SG5CYSgMSU2nBpEFgKo1HTKUFgam0IHCh6sCkwUKD41PpwPGpdOD4VHowabDQ4PBUenD4QtWDw1N5BwYN5j//Lxz03oHDf3t/fR8OX1V6sNBg0mDQ4Kj3Qu+aHhz+sOnB4W3Yg8PbsAeTBoMGR70eHL/Od+D4vVQHjn+16cDxr8QdWGgwaTBgEPjO3oLAHXgLArcpLQjcSLVgocGkwaDBca8FiRv6BiR+CHqFd00LFhpMGgwaBLwGRH6cq0Hk58MaRB4G1CDyi2kNFhpMGiS8GmR+aK9A5lFABTKPkCqQefpRgYUGkwaDBhGvAqFH4BcIPXi8QOhEywUWBrzBu6YCgwYZ7wKpgxMnSD3zP0HqVMIJUgerTjBpMGgQ8k4QO25zgNi5ywPEThgdIHYc7wALDSYNBgxyh/Fu8K45QO4s3g3eNQdYaDBpMDBwZj+8DhA8EzrD2/AJgkd/Z3jXPMGkwaBBznuA5OnpGd41DxA8PP0AyRPoM7wNH2DQIOjtIPqewQzvmh0kd80Oou9qzPCu2cGkwaBB0ruD7Cs+C7xr7iD7VtMC75o7mDQYNIh6G8jumg2E365b4G24gfALhQu8azYwaJD1pgXeNdNCv5O5wLtmWujXUJdCg0mDAYOfYW/6RIMfafADDX6hQTMzMzMzMzMzMzMzMzMzMzMzMzMzMzMzMzMzMzMzMzMzMzMzMzP7b/sN7Tf/Pm/6KDIAAAAASUVORK5CYII=""}}}]"
"3U74KRR68R64YTH0VN6E3JN1W36NTL","3DCJP2JIFQ0ZYZUYKAWQPBIIODJ3CJ","Label the requested items in the image","Label the requested items in the image","image, labeling","$0.02","Wed Jul 15 14:43:32 PDT 2020","3","BatchId:286363;OriginalHitTemplateId:921635025;","86400","432000","Wed Jul 29 14:43:32 PDT 2020","","","3LBXNTKX0XGSDSKKPPT8Z5936UBX9L","A1TPME0E240QPO","Submitted","Fri Jul 17 07:49:04 PDT 2020","Fri Jul 17 07:53:32 PDT 2020","Wed Jul 22 07:53:32 PDT 2020","","","","268","0% (0/0)","0% (0/0)","0% (0/0)","http://langcog.stanford.edu/expts/saycam/frames/14735-S_20130911_1025_06.mp4-8995.jpg","[{""myTexts"":{""inputImageProperties"":{""height"":480,""width"":640},""instances"":[{""color"":""#2ca02c"",""label"":""tray""}],""labeledImage"":{""pngImageData"":""iVBORw0KGgoAAAANSUhEUgAAAoAAAAHgAgMAAABIvzR3AAAAAXNSR0IB2cksfwAAAAxQTFRFAAAALKAsH3e0vL0ikFExfAAAAAR0Uk5TAP///7MtQIgAAAhBSURBVHic7d09kttGEAVgrspKFDmZQ5inGFd5c7gKKIc6inUJ5UpcJe8pfCQlzuSitbv8GWAGM010A+9hq18mLTH8OP8kAfBwIMn7oUMTrnk/FAMCzmh4gAd6YJACexDwgR0obmMYUDpMYEBxG6OA4jaGAaVtDANK2xgGlE6FEQYUtjEOKBwmQKCsjYFAWRsDgbI2Ru5YRW2MBIqmQuienx4oGSaw7cxzJG0MBUqEWKBACAYKhA50IBoYHehAMBD8EaYDHYjeLTjQgejdggMdiN4tONCBOwBitzMOdCB6O+NABw7g7YwDHTiAdwsOJAM+mC/cEqD8SZ+/nWQGPqzQI0yB4fXxtMBrWVsDpbuF5PtxTmBYcMyWwIclB20JLJ0BoWeKTk1ZDtS/5TIEhvLBkQZ4e/yIqmxlO2BS0uOCl6cCRklJYe5oXS80A86fxaRrYzNg5XAKYK0cyetbHRgqh6s6odU5hLXDVZ3QCFgvhgBYPxMx4oFBefzqQO3xSmCzlzdK0YySTYCaUWIDbJ2tG9mBik5oAwzaAuYju+JAC1R0wo2AUcg5Pn1dBdgsQAZ89/QSBFA2Sp7O+bQ9UDRKPlyASR0+2FyWYwO8+p6+3Ep+bJZtApQM43c34LUKg4hnAWyVcEhb+NoLxVeSN4q3+dI58Z0nG/mV7npguxOmLfzaxuIreNuvX1BEE/hhBPwkKxUH/HKXzwLY7ITHCTBsDGx2wpHv6etdPgtgc6IZA/+6y9d8+QYvcjyI/77PZwJslPFO4zMBNsbxaBDf67MBRjHwMwZY74QfNL7mNGvwKm/T4J0D2A5YL+So8tkAowR49wA2BFY74QW4zGcDrHbCo8pnA6yWclw8gF8STYC1UhQDZDvgcp8RsDZKjosHsCGwNkqOKt8mQI2vtZmTFlMDfiYH/qLyyYB9s5g4X0TYAHhnMT+n/5B/iLAdMAxJmyt9rR3romLC6/+ZVODqQK3PCjgaxglQXYFrA9U+M2DMD4rqKeYlawLv+BxwdWCXHxRNKnBFYGdSgVbAPj+oC+TA3018jQ2hvJxFB2GANl1vRSBpDcYlB70JYH1DuKgcemBw4BJgMlM7cBEwmQj12+g09R3rGwIm5XACh0UHQYC2FWgHjOtUYGPHugBoXIH2QGufNTCQA42305bAbqUKrO9Y7wWuUIG2wEAOXKMCTYFr+CyB5nP0pWAr4Co+Q+A6FWgIXMdnBwzkwNXS18YxGnfOfCWiZZfM1iEadsnsvh8Nu2auCtGua+Z6Idp1zVwbo1230ANnOiGadctMJ0SzbpnphGhWEgdqUx4laFUSemB5GKNVSeiB5XkG58k+A2AD9tP3iGzAPG8SGLaAXRLfInDTFCdCNCrNb+zAR3ZgsROiTeMUhGjSJPTAXIgGTZM1Mho0TbZjQIOyOFAbB2rjQG0cqI0DtdkdMKBB0zhQGwdqszvgSidyLI8DtdkdcJXT2TRxoDZTIN12xoHaZMCAFk2SAdkmwv0B2eaZDMg2SnJgQJPG2SGQrBPmQLJOWAAGtGmUApBrJiwAuTphAcjVCUvAgEalKQGpOuG5ziJtJ/yheQGNTmBAo9JcMWkdMrXxFdiTtvGtOSNnG98sHWcbJ5XFOUwSStrGPL0wAY5mGppGngMGmGiSBFi63xw+6XDYFRAGmiaVUE7VqaRwtzR8ZoCU8yA/sN8RkGYh2RcwmQgDiJPHgdrMAFGcPA7UZkS57hZ45ukxsHPg/RkBr0sJz0IyBg70wLgXYMBgShkDO3Zgzw68jBKMpZiJJTrw3kwsHdtCsjtgvw8g0UIyBRr9QoZhdgeMZAtJuQYDQjKTKbAjm6f3B+z3AGSapzPg4MA7c5j+6lbkmqfzGqQHrnbz0oUpAQPAMZsM2DvwvuSrBtdCskdgpAdSLSQUwFD7Yw40+sUvefpQ+2sBuPVCEqt/xQOzO5aNgwfGUP1zAVg/wDyNLg8Htp4ODmwtCwXgOpCZNIYIHlifY4YS8NdVIDPpm6sCGNiYY4YScNOVrv1kOfBxDchMBItCDtxyIRFsPaHA5hwzlIDBHjKX5hwzlN7VBXvITNpzzIAFihbVHGgPmYtoQss/+rCHzES2KwECZUtWBjT6jd92hJ09A262FEvmmAEJFC4IGXCrhUQ6W8CA0mTfk9ADA0JRye6AW79tbyYDQhSVTIFcn14OOXDLdySicH0gXYgDtXGgNnsDBgiilr3VIF8cqI0DtXGgNg7UxoHaOFAbB2rjQG0cqI0DteE6YbUQfiDbp/rTOFAbrmszCuEHsk+EZGfu5yG7eiQP2RVMeXYAJB8lZBfr5mG7jC4L29W6WdguyM5Cd8HzNHw395hkJ0DigexAbRyojQO1obsR2DQO1IYAWD9dDA9sXToJBzaeHA7sGrtROLC1XUYDIzmwb26WwcBIDhTcwAgLFGxUoMCOHSjZ6iGBUfLcQGAveu7XB4VNRJNEcqDwnq844Ddy4MfTGdh4HAx4Ov1DDfx4On1jBv5xOp2+S+ZpFPDPH8ATMfC5As+dkBP4UoGvnbB5rw8g8LtgjICAH6/A5kORwJPkw3soUHQbA+Ao/k/yUCBQ5AMC/5U9FAb8V/bIHgWUPhIElIce2DlQmbgTIJoxH9k7K2AcqEzvQGXO0yDv18X0wOhAZQ4O1KXfC5B2HuwcqEx0oDIHcuDtB5UDmlJO50BlrmOE9eSyAzmQ8mfb01D+8H2aWxcknQgTH+Uw7lMg4yjp2IFpF6QcJYdRApqTpR8D+dq4GwP52vgwSUCDJumnQLYq7KZAtl6Y+cgaOWvh56BRaWIJ+BNalaTkY6rCWwv/D5K6O+PovkkUAAAAAElFTkSuQmCC""}}}]"