url,label
https://langcog.stanford.edu/expts/saycam/frames/16649-S_20140101_1415_04.mp4-11650.jpg,plastic bag
https://langcog.stanford.edu/expts/saycam/frames/16657-S_20140101_1415_05.mp4-5750.jpg,comb
https://langcog.stanford.edu/expts/saycam/frames/16667-S_20140101_1415_05.mp4-15190.jpg,book
https://langcog.stanford.edu/expts/saycam/frames/16668-S_20140101_1415_05.mp4-16885.jpg,book
https://langcog.stanford.edu/expts/saycam/frames/16669-S_20140101_1415_05.mp4-18170.jpg,tomato-book
https://langcog.stanford.edu/expts/saycam/frames/16672-S_20140101_1415_05.mp4-20810.jpg,book
https://langcog.stanford.edu/expts/saycam/frames/16673-S_20140101_1415_05.mp4-21885.jpg,tomato-book
https://langcog.stanford.edu/expts/saycam/frames/1668-A_20130721_1008_02.mp4-30340.jpg,book
https://langcog.stanford.edu/expts/saycam/frames/16680-S_20140101_1415_05.mp4-36265.jpg,no object
https://langcog.stanford.edu/expts/saycam/frames/16681-S_20140101_1415_05.mp4-37890.jpg,book
https://langcog.stanford.edu/expts/saycam/frames/16685-S_20140104_1418_01.mp4-2710.jpg,no object
https://langcog.stanford.edu/expts/saycam/frames/16690-S_20140104_1418_02.mp4-5240.jpg,block
https://langcog.stanford.edu/expts/saycam/frames/16692-S_20140104_1418_02.mp4-9670.jpg,block
https://langcog.stanford.edu/expts/saycam/frames/16695-S_20140104_1418_02.mp4-15115.jpg,toy
https://langcog.stanford.edu/expts/saycam/frames/16697-S_20140104_1418_02.mp4-15525.jpg,block
https://langcog.stanford.edu/expts/saycam/frames/16698-S_20140104_1418_02.mp4-15665.jpg,block
https://langcog.stanford.edu/expts/saycam/frames/16699-S_20140104_1418_02.mp4-15880.jpg,block
https://langcog.stanford.edu/expts/saycam/frames/1670-A_20130721_1008_02.mp4-34420.jpg,book
https://langcog.stanford.edu/expts/saycam/frames/16703-S_20140104_1418_03.mp4-7155.jpg,bird-book
https://langcog.stanford.edu/expts/saycam/frames/16707-S_20140104_1418_03.mp4-10895.jpg,pig-book
https://langcog.stanford.edu/expts/saycam/frames/16708-S_20140104_1418_03.mp4-11035.jpg,pig-book
https://langcog.stanford.edu/expts/saycam/frames/16710-S_20140104_1418_03.mp4-11835.jpg,book
https://langcog.stanford.edu/expts/saycam/frames/16712-S_20140107_1421_01.mp4-3185.jpg,computer
https://langcog.stanford.edu/expts/saycam/frames/16713-S_20140107_1421_01.mp4-3630.jpg,toy
https://langcog.stanford.edu/expts/saycam/frames/16716-S_20140107_1421_01.mp4-5010.jpg,computer
https://langcog.stanford.edu/expts/saycam/frames/16718-S_20140107_1421_01.mp4-6935.jpg,computer
https://langcog.stanford.edu/expts/saycam/frames/16724-S_20140107_1421_01.mp4-12930.jpg,computer
https://langcog.stanford.edu/expts/saycam/frames/16732-S_20140107_1421_02.mp4-11890.jpg,no object
https://langcog.stanford.edu/expts/saycam/frames/16743-S_20140107_1421_03.mp4-14135.jpg,food
https://langcog.stanford.edu/expts/saycam/frames/16744-S_20140107_1421_03.mp4-14210.jpg,food
https://langcog.stanford.edu/expts/saycam/frames/16747-S_20140107_1421_03.mp4-19290.jpg,food
https://langcog.stanford.edu/expts/saycam/frames/16749-S_20140107_1421_03.mp4-24780.jpg,food
https://langcog.stanford.edu/expts/saycam/frames/1675-A_20130721_1008_02.mp4-40095.jpg,window
https://langcog.stanford.edu/expts/saycam/frames/16763-S_20140107_1421_06.mp4-2190.jpg,no object
https://langcog.stanford.edu/expts/saycam/frames/16798-S_20140112_1426_03.mp4-2200.jpg,person
https://langcog.stanford.edu/expts/saycam/frames/16800-S_20140112_1426_03.mp4-4515.jpg,book
https://langcog.stanford.edu/expts/saycam/frames/16804-S_20140112_1426_03.mp4-9145.jpg,book
https://langcog.stanford.edu/expts/saycam/frames/16808-S_20140112_1426_03.mp4-14115.jpg,book
https://langcog.stanford.edu/expts/saycam/frames/16809-S_20140112_1426_03.mp4-14955.jpg,book
https://langcog.stanford.edu/expts/saycam/frames/16812-S_20140112_1426_03.mp4-19980.jpg,no object
https://langcog.stanford.edu/expts/saycam/frames/16815-S_20140112_1426_04.mp4-1810.jpg,book
https://langcog.stanford.edu/expts/saycam/frames/16816-S_20140112_1426_04.mp4-2595.jpg,teddybear-book
https://langcog.stanford.edu/expts/saycam/frames/16818-S_20140112_1426_04.mp4-8580.jpg,person-book
https://langcog.stanford.edu/expts/saycam/frames/1682-A_20130721_1008_02.mp4-50655.jpg,card
https://langcog.stanford.edu/expts/saycam/frames/16820-S_20140112_1426_04.mp4-17255.jpg,book
https://langcog.stanford.edu/expts/saycam/frames/16821-S_20140112_1426_04.mp4-17280.jpg,book
https://langcog.stanford.edu/expts/saycam/frames/16823-S_20140112_1426_04.mp4-19380.jpg,book
https://langcog.stanford.edu/expts/saycam/frames/1683-A_20130721_1008_02.mp4-52395.jpg,table
https://langcog.stanford.edu/expts/saycam/frames/1687-A_20130721_1008_03.mp4-2980.jpg,toy
https://langcog.stanford.edu/expts/saycam/frames/16874-S_20140119_1502_01.mp4-4240.jpg,vase
https://langcog.stanford.edu/expts/saycam/frames/16878-S_20140119_1502_01.mp4-4955.jpg,telephone
https://langcog.stanford.edu/expts/saycam/frames/16880-S_20140119_1502_01.mp4-6330.jpg,no object
https://langcog.stanford.edu/expts/saycam/frames/16883-S_20140119_1502_01.mp4-8070.jpg,lamp
https://langcog.stanford.edu/expts/saycam/frames/16910-S_20140119_1502_03.mp4-11835.jpg,no child hands
https://langcog.stanford.edu/expts/saycam/frames/16941-S_20140123_1506_02.mp4-9335.jpg,ball-book
https://langcog.stanford.edu/expts/saycam/frames/16942-S_20140123_1506_02.mp4-9610.jpg,ball-book
https://langcog.stanford.edu/expts/saycam/frames/16944-S_20140123_1506_02.mp4-17300.jpg,dog-book
https://langcog.stanford.edu/expts/saycam/frames/16945-S_20140123_1506_02.mp4-17720.jpg,fruit-book
https://langcog.stanford.edu/expts/saycam/frames/1698-A_20130721_1008_03.mp4-13230.jpg,allocentric
https://langcog.stanford.edu/expts/saycam/frames/17-A_20130531_0818_01.mp4-21725.jpg,toy
https://langcog.stanford.edu/expts/saycam/frames/17008-S_20140125_1508_01.mp4-14080.jpg,no child hands
https://langcog.stanford.edu/expts/saycam/frames/17016-S_20140125_1508_01.mp4-27375.jpg,no object
https://langcog.stanford.edu/expts/saycam/frames/17017-S_20140125_1508_01.mp4-27990.jpg,remote control
https://langcog.stanford.edu/expts/saycam/frames/17019-S_20140125_1508_01.mp4-29455.jpg,remote control
https://langcog.stanford.edu/expts/saycam/frames/17023-S_20140125_1508_01.mp4-37245.jpg,photograph
https://langcog.stanford.edu/expts/saycam/frames/17024-S_20140125_1508_01.mp4-38145.jpg,floor
https://langcog.stanford.edu/expts/saycam/frames/17027-S_20140125_1508_02.mp4-8830.jpg,bubbles
https://langcog.stanford.edu/expts/saycam/frames/17028-S_20140125_1508_02.mp4-9005.jpg,screw
https://langcog.stanford.edu/expts/saycam/frames/17029-S_20140125_1508_02.mp4-9500.jpg,lid
https://langcog.stanford.edu/expts/saycam/frames/17031-S_20140125_1508_02.mp4-11675.jpg,lid
https://langcog.stanford.edu/expts/saycam/frames/17032-S_20140125_1508_02.mp4-11950.jpg,bubbles
https://langcog.stanford.edu/expts/saycam/frames/17033-S_20140125_1508_02.mp4-11960.jpg,bubbles
https://langcog.stanford.edu/expts/saycam/frames/17034-S_20140125_1508_02.mp4-13790.jpg,bottle
https://langcog.stanford.edu/expts/saycam/frames/17036-S_20140125_1508_02.mp4-16375.jpg,bottle
https://langcog.stanford.edu/expts/saycam/frames/17042-S_20140125_1508_02.mp4-24695.jpg,fruit
https://langcog.stanford.edu/expts/saycam/frames/17044-S_20140125_1508_02.mp4-27575.jpg,bottle
https://langcog.stanford.edu/expts/saycam/frames/17049-S_20140125_1508_02.mp4-32870.jpg,trash can
https://langcog.stanford.edu/expts/saycam/frames/17053-S_20140125_1508_03.mp4-2520.jpg,photograph
https://langcog.stanford.edu/expts/saycam/frames/17055-S_20140125_1508_03.mp4-4085.jpg,postcard
https://langcog.stanford.edu/expts/saycam/frames/17058-S_20140125_1508_03.mp4-10455.jpg,block
https://langcog.stanford.edu/expts/saycam/frames/17060-S_20140125_1508_03.mp4-13985.jpg,book
https://langcog.stanford.edu/expts/saycam/frames/17063-S_20140125_1508_03.mp4-15140.jpg,book
https://langcog.stanford.edu/expts/saycam/frames/17065-S_20140125_1508_03.mp4-19830.jpg,toy
https://langcog.stanford.edu/expts/saycam/frames/17066-S_20140125_1508_03.mp4-21145.jpg,toy
https://langcog.stanford.edu/expts/saycam/frames/17067-S_20140125_1508_03.mp4-21725.jpg,sippycup
https://langcog.stanford.edu/expts/saycam/frames/17068-S_20140125_1508_03.mp4-23560.jpg,toy
https://langcog.stanford.edu/expts/saycam/frames/17069-S_20140125_1508_03.mp4-23615.jpg,toy
https://langcog.stanford.edu/expts/saycam/frames/17070-S_20140125_1508_03.mp4-24580.jpg,toy
https://langcog.stanford.edu/expts/saycam/frames/17071-S_20140129_1512_01.mp4-3645.jpg,horse-book
https://langcog.stanford.edu/expts/saycam/frames/17072-S_20140129_1512_01.mp4-4820.jpg,book
https://langcog.stanford.edu/expts/saycam/frames/17074-S_20140129_1512_01.mp4-7845.jpg,book
https://langcog.stanford.edu/expts/saycam/frames/17075-S_20140129_1512_01.mp4-9035.jpg,book
https://langcog.stanford.edu/expts/saycam/frames/17078-S_20140129_1512_01.mp4-11555.jpg,book
https://langcog.stanford.edu/expts/saycam/frames/17079-S_20140129_1512_01.mp4-12715.jpg,book
https://langcog.stanford.edu/expts/saycam/frames/17083-S_20140129_1512_01.mp4-17520.jpg,unknown object
https://langcog.stanford.edu/expts/saycam/frames/17086-S_20140201_1515_01.mp4-1495.jpg,book
https://langcog.stanford.edu/expts/saycam/frames/17087-S_20140201_1515_01.mp4-1930.jpg,book
https://langcog.stanford.edu/expts/saycam/frames/17091-S_20140201_1515_01.mp4-8630.jpg,book
https://langcog.stanford.edu/expts/saycam/frames/17092-S_20140201_1515_01.mp4-11810.jpg,book
https://langcog.stanford.edu/expts/saycam/frames/17099-S_20140201_1515_01.mp4-16530.jpg,hat-book
https://langcog.stanford.edu/expts/saycam/frames/17100-S_20140201_1515_01.mp4-16590.jpg,hat-book
https://langcog.stanford.edu/expts/saycam/frames/17101-S_20140201_1515_01.mp4-17155.jpg,no object
https://langcog.stanford.edu/expts/saycam/frames/17102-S_20140201_1515_01.mp4-18645.jpg,book
https://langcog.stanford.edu/expts/saycam/frames/17105-S_20140201_1515_01.mp4-20190.jpg,no child hands
https://langcog.stanford.edu/expts/saycam/frames/17106-S_20140201_1515_01.mp4-23465.jpg,book
https://langcog.stanford.edu/expts/saycam/frames/17107-S_20140201_1515_01.mp4-27010.jpg,book
https://langcog.stanford.edu/expts/saycam/frames/17108-S_20140201_1515_01.mp4-29580.jpg,book
https://langcog.stanford.edu/expts/saycam/frames/17109-S_20140201_1515_01.mp4-31115.jpg,book
https://langcog.stanford.edu/expts/saycam/frames/17110-S_20140201_1515_01.mp4-31690.jpg,book
https://langcog.stanford.edu/expts/saycam/frames/17112-S_20140201_1515_01.mp4-32440.jpg,book
https://langcog.stanford.edu/expts/saycam/frames/17116-S_20140201_1515_01.mp4-36350.jpg,book
https://langcog.stanford.edu/expts/saycam/frames/17117-S_20140201_1515_01.mp4-36845.jpg,book
https://langcog.stanford.edu/expts/saycam/frames/17118-S_20140201_1515_01.mp4-38425.jpg,book
https://langcog.stanford.edu/expts/saycam/frames/17126-S_20140201_1515_03.mp4-9820.jpg,no object
https://langcog.stanford.edu/expts/saycam/frames/17139-S_20140201_1515_04.mp4-4005.jpg,no object
https://langcog.stanford.edu/expts/saycam/frames/17141-S_20140201_1515_04.mp4-7970.jpg,no object
https://langcog.stanford.edu/expts/saycam/frames/17143-S_20140201_1515_04.mp4-9065.jpg,food
https://langcog.stanford.edu/expts/saycam/frames/17149-S_20140201_1515_05.mp4-3620.jpg,food
https://langcog.stanford.edu/expts/saycam/frames/17150-S_20140201_1515_05.mp4-3640.jpg,food
https://langcog.stanford.edu/expts/saycam/frames/17161-S_20140202_1516_01.mp4-12980.jpg,cat-toy
https://langcog.stanford.edu/expts/saycam/frames/17179-S_20140202_1516_03.mp4-10135.jpg,no object
https://langcog.stanford.edu/expts/saycam/frames/17182-S_20140202_1516_04.mp4-460.jpg,no object
https://langcog.stanford.edu/expts/saycam/frames/17189-S_20140202_1516_05.mp4-900.jpg,food
https://langcog.stanford.edu/expts/saycam/frames/17199-S_20140202_1516_06.mp4-5315.jpg,no child hands
https://langcog.stanford.edu/expts/saycam/frames/17201-S_20140202_1516_06.mp4-7635.jpg,person
https://langcog.stanford.edu/expts/saycam/frames/17202-S_20140202_1516_07.mp4-3465.jpg,person
https://langcog.stanford.edu/expts/saycam/frames/17217-S_20140202_1516_08.mp4-5535.jpg,table
https://langcog.stanford.edu/expts/saycam/frames/17222-S_20140202_1516_08.mp4-10660.jpg,no object
https://langcog.stanford.edu/expts/saycam/frames/17223-S_20140202_1516_09.mp4-3715.jpg,no child hands
https://langcog.stanford.edu/expts/saycam/frames/17228-S_20140202_1516_09.mp4-6415.jpg,book
https://langcog.stanford.edu/expts/saycam/frames/17229-S_20140202_1516_09.mp4-7445.jpg,book
https://langcog.stanford.edu/expts/saycam/frames/1723-A_20130726_1013_02.mp4-3585.jpg,carpet
https://langcog.stanford.edu/expts/saycam/frames/17235-S_20140202_1516_09.mp4-21265.jpg,postcard
https://langcog.stanford.edu/expts/saycam/frames/17236-S_20140202_1516_09.mp4-21395.jpg,magazine
https://langcog.stanford.edu/expts/saycam/frames/17238-S_20140202_1516_09.mp4-25875.jpg,magazine
https://langcog.stanford.edu/expts/saycam/frames/1724-A_20130726_1013_02.mp4-4015.jpg,lion-toy
https://langcog.stanford.edu/expts/saycam/frames/17240-S_20140202_1516_09.mp4-27840.jpg,deck
https://langcog.stanford.edu/expts/saycam/frames/17241-S_20140202_1516_09.mp4-29020.jpg,magazine
https://langcog.stanford.edu/expts/saycam/frames/17246-S_20140206_1520_01.mp4-3820.jpg,couch
https://langcog.stanford.edu/expts/saycam/frames/17247-S_20140206_1520_01.mp4-4695.jpg,book
https://langcog.stanford.edu/expts/saycam/frames/17248-S_20140206_1520_01.mp4-5375.jpg,iPad
https://langcog.stanford.edu/expts/saycam/frames/1725-A_20130726_1013_02.mp4-4105.jpg,lion-toy
https://langcog.stanford.edu/expts/saycam/frames/17250-S_20140206_1520_01.mp4-8870.jpg,iPad
https://langcog.stanford.edu/expts/saycam/frames/17253-S_20140206_1520_01.mp4-11420.jpg,cat
https://langcog.stanford.edu/expts/saycam/frames/17254-S_20140206_1520_01.mp4-14275.jpg,iPad
https://langcog.stanford.edu/expts/saycam/frames/17255-S_20140206_1520_01.mp4-18905.jpg,floor
https://langcog.stanford.edu/expts/saycam/frames/17257-S_20140206_1520_01.mp4-23150.jpg,iPad
https://langcog.stanford.edu/expts/saycam/frames/1726-A_20130726_1013_02.mp4-4565.jpg,toy
https://langcog.stanford.edu/expts/saycam/frames/17262-S_20140206_1520_02.mp4-1270.jpg,iPad
https://langcog.stanford.edu/expts/saycam/frames/17277-S_20140206_1520_02.mp4-15540.jpg,food
https://langcog.stanford.edu/expts/saycam/frames/17286-S_20140206_1520_03.mp4-710.jpg,book
https://langcog.stanford.edu/expts/saycam/frames/17289-S_20140206_1520_03.mp4-2225.jpg,book
https://langcog.stanford.edu/expts/saycam/frames/17291-S_20140206_1520_03.mp4-4320.jpg,no child hands
https://langcog.stanford.edu/expts/saycam/frames/17297-S_20140206_1520_03.mp4-13765.jpg,unknown object
https://langcog.stanford.edu/expts/saycam/frames/17298-S_20140206_1520_03.mp4-19530.jpg,book
https://langcog.stanford.edu/expts/saycam/frames/17299-S_20140206_1520_03.mp4-20170.jpg,book
https://langcog.stanford.edu/expts/saycam/frames/17302-S_20140206_1520_03.mp4-22055.jpg,book
https://langcog.stanford.edu/expts/saycam/frames/17304-S_20140206_1520_03.mp4-24930.jpg,book
https://langcog.stanford.edu/expts/saycam/frames/17305-S_20140206_1520_03.mp4-25020.jpg,book
https://langcog.stanford.edu/expts/saycam/frames/17309-S_20140206_1520_04.mp4-3215.jpg,book
https://langcog.stanford.edu/expts/saycam/frames/17312-S_20140206_1520_04.mp4-5900.jpg,hand
https://langcog.stanford.edu/expts/saycam/frames/17315-S_20140206_1520_04.mp4-12855.jpg,book
https://langcog.stanford.edu/expts/saycam/frames/17316-S_20140206_1520_04.mp4-13295.jpg,book
https://langcog.stanford.edu/expts/saycam/frames/17319-S_20140206_1520_04.mp4-17525.jpg,book
https://langcog.stanford.edu/expts/saycam/frames/17320-S_20140206_1520_04.mp4-19465.jpg,chair
https://langcog.stanford.edu/expts/saycam/frames/17332-S_20140208_1522_01.mp4-8850.jpg,book
https://langcog.stanford.edu/expts/saycam/frames/17333-S_20140208_1522_01.mp4-9515.jpg,book
https://langcog.stanford.edu/expts/saycam/frames/17334-S_20140208_1522_01.mp4-9965.jpg,book
https://langcog.stanford.edu/expts/saycam/frames/17335-S_20140208_1522_01.mp4-12720.jpg,book
https://langcog.stanford.edu/expts/saycam/frames/17336-S_20140208_1522_01.mp4-13385.jpg,book
https://langcog.stanford.edu/expts/saycam/frames/17338-S_20140208_1522_01.mp4-14765.jpg,book
https://langcog.stanford.edu/expts/saycam/frames/17339-S_20140208_1522_01.mp4-15995.jpg,book
https://langcog.stanford.edu/expts/saycam/frames/17350-S_20140208_1522_02.mp4-19150.jpg,unknown object
https://langcog.stanford.edu/expts/saycam/frames/17358-S_20140208_1522_03.mp4-5985.jpg,food
https://langcog.stanford.edu/expts/saycam/frames/17366-S_20140208_1522_04.mp4-2355.jpg,iPad
https://langcog.stanford.edu/expts/saycam/frames/17367-S_20140208_1522_04.mp4-3985.jpg,iPad
https://langcog.stanford.edu/expts/saycam/frames/17368-S_20140208_1522_04.mp4-4015.jpg,iPad
https://langcog.stanford.edu/expts/saycam/frames/17372-S_20140208_1522_04.mp4-7540.jpg,iPad
https://langcog.stanford.edu/expts/saycam/frames/17374-S_20140208_1522_04.mp4-15490.jpg,iPad
https://langcog.stanford.edu/expts/saycam/frames/17385-S_20140212_1526_02.mp4-2770.jpg,no child hands
https://langcog.stanford.edu/expts/saycam/frames/17386-S_20140212_1526_02.mp4-3615.jpg,no child hands
https://langcog.stanford.edu/expts/saycam/frames/17392-S_20140212_1526_04.mp4-3125.jpg,stairs
https://langcog.stanford.edu/expts/saycam/frames/17393-S_20140212_1526_04.mp4-7085.jpg,stairs
https://langcog.stanford.edu/expts/saycam/frames/17403-S_20140212_1526_06.mp4-7180.jpg,unknown object
https://langcog.stanford.edu/expts/saycam/frames/17405-S_20140212_1526_06.mp4-7815.jpg,dirt
https://langcog.stanford.edu/expts/saycam/frames/17407-S_20140212_1526_06.mp4-11570.jpg,hose
https://langcog.stanford.edu/expts/saycam/frames/17408-S_20140212_1526_06.mp4-11770.jpg,hose
https://langcog.stanford.edu/expts/saycam/frames/17414-S_20140212_1526_06.mp4-18165.jpg,hose
https://langcog.stanford.edu/expts/saycam/frames/17415-S_20140212_1526_07.mp4-1245.jpg,no child hands
https://langcog.stanford.edu/expts/saycam/frames/17421-S_20140212_1526_07.mp4-15235.jpg,person-book
https://langcog.stanford.edu/expts/saycam/frames/17427-S_20140212_1526_07.mp4-20530.jpg,sink
https://langcog.stanford.edu/expts/saycam/frames/1744-A_20130726_1013_02.mp4-29280.jpg,book
https://langcog.stanford.edu/expts/saycam/frames/17441-S_20140212_1526_08.mp4-4035.jpg,clothing
https://langcog.stanford.edu/expts/saycam/frames/17442-S_20140212_1526_08.mp4-4090.jpg,clothing
https://langcog.stanford.edu/expts/saycam/frames/17443-S_20140212_1526_08.mp4-5945.jpg,block
https://langcog.stanford.edu/expts/saycam/frames/17448-S_20140212_1526_08.mp4-11310.jpg,toy
https://langcog.stanford.edu/expts/saycam/frames/17449-S_20140212_1526_08.mp4-11915.jpg,doll
https://langcog.stanford.edu/expts/saycam/frames/17454-S_20140212_1526_09.mp4-3925.jpg,book
https://langcog.stanford.edu/expts/saycam/frames/17457-S_20140212_1526_09.mp4-8145.jpg,book
https://langcog.stanford.edu/expts/saycam/frames/17458-S_20140212_1526_09.mp4-8385.jpg,book
https://langcog.stanford.edu/expts/saycam/frames/17482-S_20140215_1529_02.mp4-12505.jpg,no object
https://langcog.stanford.edu/expts/saycam/frames/17484-S_20140215_1529_03.mp4-320.jpg,unknown object
https://langcog.stanford.edu/expts/saycam/frames/17488-S_20140215_1529_03.mp4-3350.jpg,person-book
https://langcog.stanford.edu/expts/saycam/frames/17490-S_20140215_1529_03.mp4-3800.jpg,book
https://langcog.stanford.edu/expts/saycam/frames/17491-S_20140215_1529_03.mp4-7355.jpg,no child hands
https://langcog.stanford.edu/expts/saycam/frames/17492-S_20140215_1529_03.mp4-9780.jpg,book
https://langcog.stanford.edu/expts/saycam/frames/17496-S_20140215_1529_03.mp4-15140.jpg,book
https://langcog.stanford.edu/expts/saycam/frames/17497-S_20140215_1529_03.mp4-19210.jpg,grapes-book
https://langcog.stanford.edu/expts/saycam/frames/17499-S_20140215_1529_03.mp4-20855.jpg,no object
https://langcog.stanford.edu/expts/saycam/frames/17525-S_20140220_1603_01.mp4-700.jpg,unknown object
https://langcog.stanford.edu/expts/saycam/frames/17526-S_20140220_1603_01.mp4-745.jpg,unknown object
https://langcog.stanford.edu/expts/saycam/frames/17529-S_20140220_1603_01.mp4-6795.jpg,toy
https://langcog.stanford.edu/expts/saycam/frames/17531-S_20140220_1603_01.mp4-9180.jpg,unknown object
https://langcog.stanford.edu/expts/saycam/frames/17532-S_20140220_1603_01.mp4-9405.jpg,toy
https://langcog.stanford.edu/expts/saycam/frames/17535-S_20140220_1603_01.mp4-11490.jpg,teething ring
https://langcog.stanford.edu/expts/saycam/frames/17537-S_20140220_1603_02.mp4-5880.jpg,person
https://langcog.stanford.edu/expts/saycam/frames/17539-S_20140220_1603_02.mp4-9075.jpg,food
https://langcog.stanford.edu/expts/saycam/frames/1754-A_20130726_1013_02.mp4-44845.jpg,toy
https://langcog.stanford.edu/expts/saycam/frames/17540-S_20140220_1603_02.mp4-10435.jpg,person
https://langcog.stanford.edu/expts/saycam/frames/17542-S_20140220_1603_02.mp4-12105.jpg,unknown object
https://langcog.stanford.edu/expts/saycam/frames/17544-S_20140220_1603_02.mp4-12795.jpg,food
https://langcog.stanford.edu/expts/saycam/frames/17548-S_20140220_1603_02.mp4-19730.jpg,desk
https://langcog.stanford.edu/expts/saycam/frames/1755-A_20130726_1013_02.mp4-45690.jpg,toy
https://langcog.stanford.edu/expts/saycam/frames/17560-S_20140220_1603_03.mp4-3775.jpg,deck
https://langcog.stanford.edu/expts/saycam/frames/17562-S_20140220_1603_03.mp4-5095.jpg,license plate
https://langcog.stanford.edu/expts/saycam/frames/17578-S_20140220_1603_06.mp4-7850.jpg,grass
https://langcog.stanford.edu/expts/saycam/frames/17579-S_20140220_1603_06.mp4-7920.jpg,grass
https://langcog.stanford.edu/expts/saycam/frames/17591-S_20140220_1603_08.mp4-4465.jpg,grass
https://langcog.stanford.edu/expts/saycam/frames/17598-S_20140222_1605_01.mp4-535.jpg,no child hands
https://langcog.stanford.edu/expts/saycam/frames/17599-S_20140222_1605_01.mp4-3945.jpg,book
https://langcog.stanford.edu/expts/saycam/frames/17600-S_20140222_1605_01.mp4-5545.jpg,book
https://langcog.stanford.edu/expts/saycam/frames/17605-S_20140222_1605_01.mp4-7990.jpg,book
https://langcog.stanford.edu/expts/saycam/frames/17608-S_20140222_1605_01.mp4-11145.jpg,book
https://langcog.stanford.edu/expts/saycam/frames/17609-S_20140222_1605_01.mp4-13785.jpg,book
https://langcog.stanford.edu/expts/saycam/frames/17611-S_20140222_1605_01.mp4-14840.jpg,book
https://langcog.stanford.edu/expts/saycam/frames/17616-S_20140222_1605_01.mp4-20315.jpg,book
https://langcog.stanford.edu/expts/saycam/frames/17618-S_20140222_1605_01.mp4-21660.jpg,clock-book
https://langcog.stanford.edu/expts/saycam/frames/17620-S_20140222_1605_01.mp4-21840.jpg,clock-book
https://langcog.stanford.edu/expts/saycam/frames/17627-S_20140222_1605_02.mp4-845.jpg,unknown object
https://langcog.stanford.edu/expts/saycam/frames/17660-S_20140222_1605_03.mp4-16320.jpg,pen
https://langcog.stanford.edu/expts/saycam/frames/1767-A_20130726_1013_03.mp4-1540.jpg,carpet
https://langcog.stanford.edu/expts/saycam/frames/17686-S_20140227_1610_01.mp4-10485.jpg,no child hands
https://langcog.stanford.edu/expts/saycam/frames/17687-S_20140227_1610_01.mp4-11170.jpg,book
https://langcog.stanford.edu/expts/saycam/frames/17715-S_20140227_1610_03.mp4-6115.jpg,toy
https://langcog.stanford.edu/expts/saycam/frames/17716-S_20140227_1610_03.mp4-6240.jpg,dirt
https://langcog.stanford.edu/expts/saycam/frames/17720-S_20140227_1610_03.mp4-12050.jpg,toy
https://langcog.stanford.edu/expts/saycam/frames/17741-S_20140227_1610_05.mp4-14280.jpg,bubbles
https://langcog.stanford.edu/expts/saycam/frames/17743-S_20140227_1610_05.mp4-19100.jpg,no child hands
https://langcog.stanford.edu/expts/saycam/frames/17760-S_20140302_1613_01.mp4-6560.jpg,clock-book
https://langcog.stanford.edu/expts/saycam/frames/17764-S_20140302_1613_01.mp4-10290.jpg,book
https://langcog.stanford.edu/expts/saycam/frames/17769-S_20140302_1613_01.mp4-15380.jpg,hand
https://langcog.stanford.edu/expts/saycam/frames/17811-S_20140302_1613_05.mp4-20595.jpg,unknown object
https://langcog.stanford.edu/expts/saycam/frames/17815-S_20140302_1613_05.mp4-30060.jpg,button
https://langcog.stanford.edu/expts/saycam/frames/17822-S_20140302_1613_06.mp4-9895.jpg,ground
https://langcog.stanford.edu/expts/saycam/frames/17825-S_20140302_1613_06.mp4-12270.jpg,ground
https://langcog.stanford.edu/expts/saycam/frames/17834-S_20140302_1613_07.mp4-9105.jpg,no child hands
https://langcog.stanford.edu/expts/saycam/frames/17838-S_20140305_1616_03.mp4-2185.jpg,book
https://langcog.stanford.edu/expts/saycam/frames/17839-S_20140305_1616_03.mp4-3655.jpg,book
https://langcog.stanford.edu/expts/saycam/frames/17840-S_20140305_1616_03.mp4-5685.jpg,book
https://langcog.stanford.edu/expts/saycam/frames/17841-S_20140305_1616_03.mp4-5985.jpg,book
https://langcog.stanford.edu/expts/saycam/frames/17843-S_20140305_1616_03.mp4-7535.jpg,no child hands
https://langcog.stanford.edu/expts/saycam/frames/17844-S_20140305_1616_03.mp4-8185.jpg,table
https://langcog.stanford.edu/expts/saycam/frames/17847-S_20140305_1616_03.mp4-13025.jpg,magazine
https://langcog.stanford.edu/expts/saycam/frames/17848-S_20140305_1616_03.mp4-13125.jpg,magazine
https://langcog.stanford.edu/expts/saycam/frames/17856-S_20140305_1616_04.mp4-4865.jpg,tractor-book
https://langcog.stanford.edu/expts/saycam/frames/17858-S_20140305_1616_04.mp4-6355.jpg,book
https://langcog.stanford.edu/expts/saycam/frames/17863-S_20140305_1616_04.mp4-11960.jpg,book
https://langcog.stanford.edu/expts/saycam/frames/17864-S_20140305_1616_04.mp4-12605.jpg,book
https://langcog.stanford.edu/expts/saycam/frames/17868-S_20140305_1616_04.mp4-15730.jpg,book
https://langcog.stanford.edu/expts/saycam/frames/17870-S_20140305_1616_05.mp4-915.jpg,book
https://langcog.stanford.edu/expts/saycam/frames/17871-S_20140305_1616_05.mp4-1075.jpg,book
https://langcog.stanford.edu/expts/saycam/frames/17873-S_20140305_1616_05.mp4-3265.jpg,block
https://langcog.stanford.edu/expts/saycam/frames/17875-S_20140305_1616_05.mp4-9385.jpg,no child hands
https://langcog.stanford.edu/expts/saycam/frames/17876-S_20140305_1616_05.mp4-10540.jpg,block
https://langcog.stanford.edu/expts/saycam/frames/17877-S_20140305_1616_05.mp4-10605.jpg,block
https://langcog.stanford.edu/expts/saycam/frames/17878-S_20140305_1616_05.mp4-11495.jpg,block
https://langcog.stanford.edu/expts/saycam/frames/17879-S_20140305_1616_05.mp4-12075.jpg,block
https://langcog.stanford.edu/expts/saycam/frames/1788-A_20130726_1013_04.mp4-15710.jpg,block
https://langcog.stanford.edu/expts/saycam/frames/17880-S_20140305_1616_05.mp4-12125.jpg,block
https://langcog.stanford.edu/expts/saycam/frames/17881-S_20140305_1616_05.mp4-12185.jpg,block
https://langcog.stanford.edu/expts/saycam/frames/17882-S_20140305_1616_05.mp4-13205.jpg,block
https://langcog.stanford.edu/expts/saycam/frames/17885-S_20140305_1616_05.mp4-15780.jpg,block
https://langcog.stanford.edu/expts/saycam/frames/17886-S_20140305_1616_06.mp4-2520.jpg,table
https://langcog.stanford.edu/expts/saycam/frames/17892-S_20140305_1616_06.mp4-10260.jpg,deck
https://langcog.stanford.edu/expts/saycam/frames/17896-S_20140305_1616_06.mp4-13340.jpg,deck
https://langcog.stanford.edu/expts/saycam/frames/17898-S_20140305_1616_06.mp4-14800.jpg,ball
https://langcog.stanford.edu/expts/saycam/frames/17902-S_20140308_1619_01.mp4-3330.jpg,stuffed animal
https://langcog.stanford.edu/expts/saycam/frames/17916-S_20140308_1619_03.mp4-1000.jpg,person
https://langcog.stanford.edu/expts/saycam/frames/17918-S_20140308_1619_04.mp4-2395.jpg,book
https://langcog.stanford.edu/expts/saycam/frames/17919-S_20140308_1619_04.mp4-2525.jpg,book
https://langcog.stanford.edu/expts/saycam/frames/17920-S_20140308_1619_04.mp4-4575.jpg,book
https://langcog.stanford.edu/expts/saycam/frames/17921-S_20140308_1619_04.mp4-5300.jpg,no object
https://langcog.stanford.edu/expts/saycam/frames/17922-S_20140308_1619_04.mp4-5375.jpg,book
https://langcog.stanford.edu/expts/saycam/frames/17924-S_20140309_1620_01.mp4-1185.jpg,refrigerator
https://langcog.stanford.edu/expts/saycam/frames/17934-S_20140309_1620_01.mp4-10300.jpg,food
https://langcog.stanford.edu/expts/saycam/frames/17947-S_20140309_1620_04.mp4-1670.jpg,no child hands
https://langcog.stanford.edu/expts/saycam/frames/17948-S_20140309_1620_04.mp4-6255.jpg,no child hands
https://langcog.stanford.edu/expts/saycam/frames/17967-S_20140312_1623_02.mp4-1030.jpg,toy
https://langcog.stanford.edu/expts/saycam/frames/17968-S_20140312_1623_02.mp4-1840.jpg,unknown object
https://langcog.stanford.edu/expts/saycam/frames/17969-S_20140312_1623_02.mp4-4165.jpg,baby wipes
https://langcog.stanford.edu/expts/saycam/frames/1797-A_20130726_1013_04.mp4-26920.jpg,toy
https://langcog.stanford.edu/expts/saycam/frames/17970-S_20140312_1623_02.mp4-5065.jpg,book
https://langcog.stanford.edu/expts/saycam/frames/17974-S_20140312_1623_02.mp4-16645.jpg,book
https://langcog.stanford.edu/expts/saycam/frames/17975-S_20140312_1623_02.mp4-22920.jpg,clothespin
https://langcog.stanford.edu/expts/saycam/frames/17976-S_20140312_1623_02.mp4-24595.jpg,cup
https://langcog.stanford.edu/expts/saycam/frames/17979-S_20140312_1623_02.mp4-26170.jpg,clothing
https://langcog.stanford.edu/expts/saycam/frames/17980-S_20140312_1623_02.mp4-29880.jpg,basket
https://langcog.stanford.edu/expts/saycam/frames/17985-S_20140312_1623_03.mp4-8980.jpg,peach
https://langcog.stanford.edu/expts/saycam/frames/17988-S_20140312_1623_03.mp4-14080.jpg,book
https://langcog.stanford.edu/expts/saycam/frames/17989-S_20140312_1623_03.mp4-14715.jpg,unknown object
https://langcog.stanford.edu/expts/saycam/frames/17991-S_20140312_1623_03.mp4-16505.jpg,unknown object
https://langcog.stanford.edu/expts/saycam/frames/17993-S_20140312_1623_04.mp4-2085.jpg,no object
https://langcog.stanford.edu/expts/saycam/frames/17995-S_20140312_1623_04.mp4-5200.jpg,clothing
https://langcog.stanford.edu/expts/saycam/frames/17998-S_20140312_1623_04.mp4-8320.jpg,food
https://langcog.stanford.edu/expts/saycam/frames/18005-S_20140312_1623_04.mp4-12435.jpg,no object
https://langcog.stanford.edu/expts/saycam/frames/18007-S_20140312_1623_04.mp4-14945.jpg,unknown object
https://langcog.stanford.edu/expts/saycam/frames/1801-A_20130726_1013_04.mp4-30515.jpg,no child hands
https://langcog.stanford.edu/expts/saycam/frames/18011-S_20140315_1626_02.mp4-990.jpg,no object
https://langcog.stanford.edu/expts/saycam/frames/18015-S_20140315_1626_03.mp4-1070.jpg,alarm clock
https://langcog.stanford.edu/expts/saycam/frames/18016-S_20140315_1626_03.mp4-2255.jpg,unknown object
https://langcog.stanford.edu/expts/saycam/frames/1802-A_20130726_1013_04.mp4-31605.jpg,book
https://langcog.stanford.edu/expts/saycam/frames/18028-S_20140315_1626_06.mp4-3260.jpg,book
https://langcog.stanford.edu/expts/saycam/frames/18030-S_20140315_1626_06.mp4-5370.jpg,book
https://langcog.stanford.edu/expts/saycam/frames/18031-S_20140315_1626_06.mp4-6325.jpg,book
https://langcog.stanford.edu/expts/saycam/frames/18032-S_20140315_1626_06.mp4-6875.jpg,book
https://langcog.stanford.edu/expts/saycam/frames/18033-S_20140315_1626_06.mp4-8520.jpg,book
https://langcog.stanford.edu/expts/saycam/frames/18034-S_20140315_1626_06.mp4-11035.jpg,book
https://langcog.stanford.edu/expts/saycam/frames/18037-S_20140315_1626_07.mp4-1540.jpg,book
https://langcog.stanford.edu/expts/saycam/frames/18038-S_20140315_1626_07.mp4-2075.jpg,paper
https://langcog.stanford.edu/expts/saycam/frames/18044-S_20140315_1626_07.mp4-6420.jpg,unknown object
https://langcog.stanford.edu/expts/saycam/frames/18046-S_20140315_1626_07.mp4-7450.jpg,book
https://langcog.stanford.edu/expts/saycam/frames/18047-S_20140315_1626_07.mp4-7625.jpg,paper
https://langcog.stanford.edu/expts/saycam/frames/18050-S_20140315_1626_07.mp4-9640.jpg,paper
https://langcog.stanford.edu/expts/saycam/frames/18056-S_20140315_1626_07.mp4-23595.jpg,book
https://langcog.stanford.edu/expts/saycam/frames/18057-S_20140315_1626_07.mp4-25195.jpg,book
https://langcog.stanford.edu/expts/saycam/frames/18058-S_20140315_1626_07.mp4-26975.jpg,book
https://langcog.stanford.edu/expts/saycam/frames/18059-S_20140315_1626_07.mp4-29175.jpg,toothbrush
https://langcog.stanford.edu/expts/saycam/frames/1806-A_20130726_1013_04.mp4-34220.jpg,no child hands
https://langcog.stanford.edu/expts/saycam/frames/18060-S_20140315_1626_08.mp4-4080.jpg,shoes
https://langcog.stanford.edu/expts/saycam/frames/18061-S_20140315_1626_08.mp4-4480.jpg,unknown object
https://langcog.stanford.edu/expts/saycam/frames/18071-S_20140315_1626_08.mp4-13260.jpg,no child hands
https://langcog.stanford.edu/expts/saycam/frames/18080-S_20140320_1703_01.mp4-5250.jpg,book
https://langcog.stanford.edu/expts/saycam/frames/18083-S_20140320_1703_02.mp4-745.jpg,unknown object
https://langcog.stanford.edu/expts/saycam/frames/18088-S_20140320_1703_03.mp4-7100.jpg,car
https://langcog.stanford.edu/expts/saycam/frames/18093-S_20140320_1703_03.mp4-12005.jpg,car
https://langcog.stanford.edu/expts/saycam/frames/18094-S_20140320_1703_03.mp4-13650.jpg,button
https://langcog.stanford.edu/expts/saycam/frames/18096-S_20140320_1703_03.mp4-15220.jpg,unknown object
https://langcog.stanford.edu/expts/saycam/frames/1810-A_20130726_1013_04.mp4-39190.jpg,no child hands
https://langcog.stanford.edu/expts/saycam/frames/18103-S_20140320_1703_07.mp4-5960.jpg,shape sorter
https://langcog.stanford.edu/expts/saycam/frames/18105-S_20140320_1703_07.mp4-8005.jpg,shape sorter
https://langcog.stanford.edu/expts/saycam/frames/18109-S_20140320_1703_08.mp4-4860.jpg,hand
https://langcog.stanford.edu/expts/saycam/frames/18110-S_20140320_1703_08.mp4-5040.jpg,floor
https://langcog.stanford.edu/expts/saycam/frames/18112-S_20140320_1703_08.mp4-7085.jpg,balloon
https://langcog.stanford.edu/expts/saycam/frames/18113-S_20140320_1703_08.mp4-7195.jpg,balloon
https://langcog.stanford.edu/expts/saycam/frames/18115-S_20140320_1703_08.mp4-11330.jpg,no child hands
https://langcog.stanford.edu/expts/saycam/frames/18123-S_20140320_1703_08.mp4-19735.jpg,tree
https://langcog.stanford.edu/expts/saycam/frames/18129-S_20140320_1703_10.mp4-410.jpg,crib
https://langcog.stanford.edu/expts/saycam/frames/18130-S_20140320_1703_10.mp4-1055.jpg,pacifier
https://langcog.stanford.edu/expts/saycam/frames/18132-S_20140320_1703_10.mp4-2835.jpg,book
https://langcog.stanford.edu/expts/saycam/frames/18141-S_20140320_1703_10.mp4-15650.jpg,book
https://langcog.stanford.edu/expts/saycam/frames/18145-S_20140320_1703_10.mp4-19985.jpg,book
https://langcog.stanford.edu/expts/saycam/frames/18146-S_20140320_1703_10.mp4-20580.jpg,book
https://langcog.stanford.edu/expts/saycam/frames/18147-S_20140320_1703_10.mp4-22940.jpg,book
https://langcog.stanford.edu/expts/saycam/frames/18148-S_20140320_1703_10.mp4-24240.jpg,hand
https://langcog.stanford.edu/expts/saycam/frames/1815-A_20130726_1013_04.mp4-50980.jpg,carpet
https://langcog.stanford.edu/expts/saycam/frames/18159-S_20140322_1705_02.mp4-10875.jpg,no child hands
https://langcog.stanford.edu/expts/saycam/frames/18164-S_20140322_1705_02.mp4-14445.jpg,no object
https://langcog.stanford.edu/expts/saycam/frames/18165-S_20140322_1705_02.mp4-15405.jpg,road sign
https://langcog.stanford.edu/expts/saycam/frames/1817-A_20130726_1013_05.mp4-3345.jpg,cushion
https://langcog.stanford.edu/expts/saycam/frames/18170-S_20140322_1705_02.mp4-19685.jpg,dirt
https://langcog.stanford.edu/expts/saycam/frames/18172-S_20140322_1705_03.mp4-1895.jpg,post
https://langcog.stanford.edu/expts/saycam/frames/18174-S_20140322_1705_03.mp4-2570.jpg,no child hands
https://langcog.stanford.edu/expts/saycam/frames/18182-S_20140322_1705_03.mp4-13715.jpg,unknown object
https://langcog.stanford.edu/expts/saycam/frames/18183-S_20140322_1705_03.mp4-16060.jpg,hand
https://langcog.stanford.edu/expts/saycam/frames/18184-S_20140322_1705_03.mp4-16115.jpg,hand
https://langcog.stanford.edu/expts/saycam/frames/18187-S_20140322_1705_03.mp4-18175.jpg,no child hands
https://langcog.stanford.edu/expts/saycam/frames/18188-S_20140322_1705_03.mp4-19670.jpg,food
https://langcog.stanford.edu/expts/saycam/frames/1820-A_20130726_1013_05.mp4-5865.jpg,unknown object
https://langcog.stanford.edu/expts/saycam/frames/18202-S_20140326_1709_02.mp4-2255.jpg,no child hands
https://langcog.stanford.edu/expts/saycam/frames/18207-S_20140326_1709_03.mp4-4830.jpg,steering wheel
https://langcog.stanford.edu/expts/saycam/frames/18221-S_20140326_1709_04.mp4-13850.jpg,glove box
https://langcog.stanford.edu/expts/saycam/frames/18230-S_20140326_1709_06.mp4-2295.jpg,tissue
https://langcog.stanford.edu/expts/saycam/frames/18234-S_20140326_1709_06.mp4-3765.jpg,nose
https://langcog.stanford.edu/expts/saycam/frames/18236-S_20140326_1709_06.mp4-4175.jpg,shirt
https://langcog.stanford.edu/expts/saycam/frames/18238-S_20140326_1709_07.mp4-3855.jpg,pen
https://langcog.stanford.edu/expts/saycam/frames/18239-S_20140326_1709_07.mp4-5710.jpg,paint
https://langcog.stanford.edu/expts/saycam/frames/1824-A_20130726_1013_05.mp4-8755.jpg,book
https://langcog.stanford.edu/expts/saycam/frames/18241-S_20140326_1709_07.mp4-6535.jpg,paper
https://langcog.stanford.edu/expts/saycam/frames/18242-S_20140326_1709_07.mp4-6690.jpg,no object
https://langcog.stanford.edu/expts/saycam/frames/18243-S_20140326_1709_07.mp4-8090.jpg,paint
https://langcog.stanford.edu/expts/saycam/frames/18250-S_20140326_1709_08.mp4-3400.jpg,paint
https://langcog.stanford.edu/expts/saycam/frames/18260-S_20140329_1712_05.AVI.mp4-995.jpg,unknown object
https://langcog.stanford.edu/expts/saycam/frames/18267-S_20140329_1712_07.AVI.mp4-3505.jpg,grass
https://langcog.stanford.edu/expts/saycam/frames/18268-S_20140329_1712_08.AVI.mp4-55.jpg,button
https://langcog.stanford.edu/expts/saycam/frames/18269-S_20140329_1712_08.AVI.mp4-2245.jpg,dirt
https://langcog.stanford.edu/expts/saycam/frames/18270-S_20140329_1712_08.AVI.mp4-5255.jpg,trowel
https://langcog.stanford.edu/expts/saycam/frames/18271-S_20140329_1712_08.AVI.mp4-5320.jpg,trowel
https://langcog.stanford.edu/expts/saycam/frames/18272-S_20140329_1712_08.AVI.mp4-8950.jpg,dirt
https://langcog.stanford.edu/expts/saycam/frames/18273-S_20140329_1712_08.AVI.mp4-9420.jpg,stick
https://langcog.stanford.edu/expts/saycam/frames/18274-S_20140329_1712_08.AVI.mp4-10490.jpg,dirt
https://langcog.stanford.edu/expts/saycam/frames/1828-A_20130727_1014_01.mp4-1605.jpg,book
https://langcog.stanford.edu/expts/saycam/frames/18282-S_20140403_1717_02.mp4-6590.jpg,carpet
https://langcog.stanford.edu/expts/saycam/frames/18288-S_20140403_1717_04.AVI.mp4-1700.jpg,no object
https://langcog.stanford.edu/expts/saycam/frames/18291-S_20140403_1717_04.AVI.mp4-3195.jpg,unknown object
https://langcog.stanford.edu/expts/saycam/frames/18300-S_20140403_1717_06.mp4-12960.jpg,unknown object
https://langcog.stanford.edu/expts/saycam/frames/18301-S_20140403_1717_06.mp4-15415.jpg,food
https://langcog.stanford.edu/expts/saycam/frames/1832-A_20130727_1014_01.mp4-7290.jpg,book
https://langcog.stanford.edu/expts/saycam/frames/18326-S_20140403_1717_08.mp4-14725.jpg,no child hands
https://langcog.stanford.edu/expts/saycam/frames/18329-S_20140403_1717_08.mp4-20605.jpg,sock
https://langcog.stanford.edu/expts/saycam/frames/18330-S_20140403_1717_08.mp4-20835.jpg,sock
https://langcog.stanford.edu/expts/saycam/frames/18333-S_20140403_1717_09.mp4-2825.jpg,unknown object
https://langcog.stanford.edu/expts/saycam/frames/18337-S_20140403_1717_10.AVI.mp4-345.jpg,etch-a-sketch
https://langcog.stanford.edu/expts/saycam/frames/18339-S_20140403_1717_11.mp4-2320.jpg,book
https://langcog.stanford.edu/expts/saycam/frames/18359-S_20140405_1719_02.AVI.mp4-15970.jpg,no child hands
https://langcog.stanford.edu/expts/saycam/frames/1836-A_20130727_1014_01.mp4-10425.jpg,book
https://langcog.stanford.edu/expts/saycam/frames/18360-S_20140405_1719_02.AVI.mp4-16190.jpg,hand
https://langcog.stanford.edu/expts/saycam/frames/18362-S_20140405_1719_03.AVI.mp4-1940.jpg,bucket
https://langcog.stanford.edu/expts/saycam/frames/18363-S_20140405_1719_03.AVI.mp4-3555.jpg,watch
https://langcog.stanford.edu/expts/saycam/frames/18364-S_20140405_1719_03.AVI.mp4-7820.jpg,no child hands
https://langcog.stanford.edu/expts/saycam/frames/18365-S_20140405_1719_03.AVI.mp4-8130.jpg,watch
https://langcog.stanford.edu/expts/saycam/frames/1838-A_20130727_1014_01.mp4-10640.jpg,book
https://langcog.stanford.edu/expts/saycam/frames/18382-S_20140406_1720_01.AVI.mp4-5520.jpg,horse-toy
https://langcog.stanford.edu/expts/saycam/frames/18383-S_20140406_1720_01.AVI.mp4-5540.jpg,horse-toy
https://langcog.stanford.edu/expts/saycam/frames/18385-S_20140406_1720_01.AVI.mp4-9655.jpg,book
https://langcog.stanford.edu/expts/saycam/frames/18386-S_20140406_1720_01.AVI.mp4-11025.jpg,puzzle
https://langcog.stanford.edu/expts/saycam/frames/18387-S_20140406_1720_01.AVI.mp4-11610.jpg,puzzle
https://langcog.stanford.edu/expts/saycam/frames/18388-S_20140406_1720_01.AVI.mp4-12005.jpg,koala-toy
https://langcog.stanford.edu/expts/saycam/frames/18389-S_20140406_1720_01.AVI.mp4-12645.jpg,puzzle
https://langcog.stanford.edu/expts/saycam/frames/18393-S_20140406_1720_01.AVI.mp4-16035.jpg,puzzle
https://langcog.stanford.edu/expts/saycam/frames/18395-S_20140406_1720_01.AVI.mp4-22455.jpg,puzzle
https://langcog.stanford.edu/expts/saycam/frames/18396-S_20140406_1720_02.AVI.mp4-25.jpg,no child hands
https://langcog.stanford.edu/expts/saycam/frames/18399-S_20140406_1720_02.AVI.mp4-1530.jpg,no child hands
https://langcog.stanford.edu/expts/saycam/frames/18400-S_20140406_1720_03.AVI.mp4-4010.jpg,coins
https://langcog.stanford.edu/expts/saycam/frames/18402-S_20140406_1720_03.AVI.mp4-9910.jpg,carpet
https://langcog.stanford.edu/expts/saycam/frames/18403-S_20140406_1720_03.AVI.mp4-9920.jpg,carpet
https://langcog.stanford.edu/expts/saycam/frames/18404-S_20140406_1720_03.AVI.mp4-11810.jpg,unknown object
https://langcog.stanford.edu/expts/saycam/frames/18405-S_20140406_1720_03.AVI.mp4-12845.jpg,mug
https://langcog.stanford.edu/expts/saycam/frames/18406-S_20140406_1720_04.AVI.mp4-1275.jpg,no child hands
https://langcog.stanford.edu/expts/saycam/frames/18415-S_20140406_1720_04.AVI.mp4-15005.jpg,no child hands
https://langcog.stanford.edu/expts/saycam/frames/18416-S_20140406_1720_04.AVI.mp4-16310.jpg,unknown object
https://langcog.stanford.edu/expts/saycam/frames/18422-S_20140409_1723_01.AVI.mp4-6280.jpg,cooler
https://langcog.stanford.edu/expts/saycam/frames/1843-A_20130727_1014_01.mp4-21190.jpg,unknown object
https://langcog.stanford.edu/expts/saycam/frames/18440-S_20140409_1723_02.AVI.mp4-22990.jpg,food
https://langcog.stanford.edu/expts/saycam/frames/18442-S_20140409_1723_02.AVI.mp4-28210.jpg,food
https://langcog.stanford.edu/expts/saycam/frames/18448-S_20140409_1723_04.AVI.mp4-3830.jpg,trash can
https://langcog.stanford.edu/expts/saycam/frames/18449-S_20140409_1723_04.AVI.mp4-3860.jpg,no child hands
https://langcog.stanford.edu/expts/saycam/frames/18450-S_20140409_1723_04.AVI.mp4-4415.jpg,shelf
https://langcog.stanford.edu/expts/saycam/frames/18452-S_20140409_1723_04.AVI.mp4-5425.jpg,baby food
https://langcog.stanford.edu/expts/saycam/frames/18455-S_20140409_1723_05.AVI.mp4-6770.jpg,spoon
https://langcog.stanford.edu/expts/saycam/frames/18456-S_20140409_1723_06.AVI.mp4-1335.jpg,stairs
https://langcog.stanford.edu/expts/saycam/frames/18457-S_20140409_1723_06.AVI.mp4-2720.jpg,trash can
https://langcog.stanford.edu/expts/saycam/frames/18461-S_20140409_1723_07.mp4-3425.jpg,trowel
https://langcog.stanford.edu/expts/saycam/frames/18463-S_20140409_1723_07.mp4-4440.jpg,hand
https://langcog.stanford.edu/expts/saycam/frames/18464-S_20140409_1723_07.mp4-6660.jpg,leg
https://langcog.stanford.edu/expts/saycam/frames/18468-S_20140409_1723_08.mp4-1945.jpg,sand
https://langcog.stanford.edu/expts/saycam/frames/18474-S_20140409_1723_08.mp4-13785.jpg,no child hands
https://langcog.stanford.edu/expts/saycam/frames/18475-S_20140409_1723_08.mp4-15095.jpg,sand
https://langcog.stanford.edu/expts/saycam/frames/18479-S_20140409_1723_08.mp4-19370.jpg,foot
https://langcog.stanford.edu/expts/saycam/frames/18481-S_20140409_1723_08.mp4-26630.jpg,sand
https://langcog.stanford.edu/expts/saycam/frames/18482-S_20140409_1723_08.mp4-26725.jpg,sand
https://langcog.stanford.edu/expts/saycam/frames/18483-S_20140409_1723_08.mp4-26735.jpg,sand
https://langcog.stanford.edu/expts/saycam/frames/18485-S_20140413_1727_01.mp4-1250.jpg,cup
https://langcog.stanford.edu/expts/saycam/frames/18486-S_20140413_1727_01.mp4-2255.jpg,lid
https://langcog.stanford.edu/expts/saycam/frames/18492-S_20140413_1727_01.mp4-12275.jpg,book
https://langcog.stanford.edu/expts/saycam/frames/18495-S_20140413_1727_01.mp4-14560.jpg,book
https://langcog.stanford.edu/expts/saycam/frames/18497-S_20140413_1727_01.mp4-16760.jpg,puzzle
https://langcog.stanford.edu/expts/saycam/frames/18498-S_20140413_1727_01.mp4-16785.jpg,puzzle
https://langcog.stanford.edu/expts/saycam/frames/18499-S_20140413_1727_01.mp4-17045.jpg,puzzle
https://langcog.stanford.edu/expts/saycam/frames/18500-S_20140413_1727_01.mp4-18455.jpg,puzzle
https://langcog.stanford.edu/expts/saycam/frames/18503-S_20140413_1727_02.mp4-4615.jpg,no child hands
https://langcog.stanford.edu/expts/saycam/frames/18506-S_20140413_1727_02.mp4-7470.jpg,book
https://langcog.stanford.edu/expts/saycam/frames/18508-S_20140413_1727_02.mp4-7930.jpg,book
https://langcog.stanford.edu/expts/saycam/frames/18509-S_20140413_1727_02.mp4-8080.jpg,book
https://langcog.stanford.edu/expts/saycam/frames/18510-S_20140413_1727_02.mp4-9080.jpg,ambulance-book
https://langcog.stanford.edu/expts/saycam/frames/18514-S_20140413_1727_02.mp4-12125.jpg,no child hands
https://langcog.stanford.edu/expts/saycam/frames/18516-S_20140413_1727_03.mp4-1690.jpg,book
https://langcog.stanford.edu/expts/saycam/frames/18519-S_20140413_1727_03.mp4-4840.jpg,book
https://langcog.stanford.edu/expts/saycam/frames/18526-S_20140413_1727_04.mp4-3730.jpg,unknown object
https://langcog.stanford.edu/expts/saycam/frames/18531-S_20140413_1727_04.mp4-17190.jpg,chalk
https://langcog.stanford.edu/expts/saycam/frames/18532-S_20140413_1727_04.mp4-17260.jpg,chalk
https://langcog.stanford.edu/expts/saycam/frames/18533-S_20140413_1727_04.mp4-17975.jpg,chalk
https://langcog.stanford.edu/expts/saycam/frames/18534-S_20140413_1727_04.mp4-19260.jpg,tupperware
https://langcog.stanford.edu/expts/saycam/frames/1855-A_20130727_1014_01.mp4-34130.jpg,no child hands
https://langcog.stanford.edu/expts/saycam/frames/18550-S_20140418_1801_01.mp4-14150.jpg,no child hands
https://langcog.stanford.edu/expts/saycam/frames/18551-S_20140418_1801_01.mp4-15635.jpg,book
https://langcog.stanford.edu/expts/saycam/frames/18553-S_20140418_1801_01.mp4-22060.jpg,book
https://langcog.stanford.edu/expts/saycam/frames/18554-S_20140418_1801_01.mp4-22500.jpg,book
https://langcog.stanford.edu/expts/saycam/frames/18556-S_20140418_1801_01.mp4-27625.jpg,truck-book
https://langcog.stanford.edu/expts/saycam/frames/18571-S_20140418_1801_02.mp4-15375.jpg,plastic bag
https://langcog.stanford.edu/expts/saycam/frames/18583-S_20140418_1801_03.mp4-11705.jpg,book
https://langcog.stanford.edu/expts/saycam/frames/18584-S_20140418_1801_03.mp4-14895.jpg,book
https://langcog.stanford.edu/expts/saycam/frames/186-A_20130601_0819_03.mp4-20160.jpg,no child hands
https://langcog.stanford.edu/expts/saycam/frames/18600-S_20140420_1803_02.AVI.mp4-15270.jpg,unknown object
https://langcog.stanford.edu/expts/saycam/frames/18603-S_20140420_1803_03.AVI.mp4-2690.jpg,unknown object
https://langcog.stanford.edu/expts/saycam/frames/18605-S_20140420_1803_04.AVI.mp4-1620.jpg,unknown object
https://langcog.stanford.edu/expts/saycam/frames/18615-S_20140423_1806_02.mp4-165.jpg,unknown object
https://langcog.stanford.edu/expts/saycam/frames/18624-S_20140423_1806_03.mp4-6775.jpg,hand
https://langcog.stanford.edu/expts/saycam/frames/18625-S_20140423_1806_03.mp4-11820.jpg,paper
https://langcog.stanford.edu/expts/saycam/frames/18630-S_20140423_1806_05.mp4-4755.jpg,no object
https://langcog.stanford.edu/expts/saycam/frames/18631-S_20140423_1806_05.mp4-5900.jpg,door
https://langcog.stanford.edu/expts/saycam/frames/18633-S_20140423_1806_05.mp4-10650.jpg,unknown object
https://langcog.stanford.edu/expts/saycam/frames/18636-S_20140423_1806_05.mp4-14225.jpg,container
https://langcog.stanford.edu/expts/saycam/frames/1864-A_20130727_1014_01.mp4-39730.jpg,no object
https://langcog.stanford.edu/expts/saycam/frames/18640-S_20140423_1806_05.mp4-15745.jpg,floor
https://langcog.stanford.edu/expts/saycam/frames/18645-S_20140423_1806_06.mp4-3385.jpg,puzzle
https://langcog.stanford.edu/expts/saycam/frames/18646-S_20140423_1806_06.mp4-3500.jpg,no child hands
https://langcog.stanford.edu/expts/saycam/frames/18649-S_20140423_1806_06.mp4-9490.jpg,puzzle
https://langcog.stanford.edu/expts/saycam/frames/18656-S_20140423_1806_09.mp4-3090.jpg,ferris wheel
https://langcog.stanford.edu/expts/saycam/frames/18658-S_20140423_1806_09.mp4-4535.jpg,bars
https://langcog.stanford.edu/expts/saycam/frames/18659-S_20140423_1806_09.mp4-5595.jpg,hand
https://langcog.stanford.edu/expts/saycam/frames/18661-S_20140423_1806_09.mp4-6535.jpg,unknown object
https://langcog.stanford.edu/expts/saycam/frames/18679-S_20140426_1809_01.AVI.mp4-8580.jpg,no child hands
https://langcog.stanford.edu/expts/saycam/frames/18680-S_20140426_1809_01.AVI.mp4-9325.jpg,book
https://langcog.stanford.edu/expts/saycam/frames/18686-S_20140426_1809_01.AVI.mp4-25390.jpg,book
https://langcog.stanford.edu/expts/saycam/frames/18687-S_20140426_1809_01.AVI.mp4-29765.jpg,book
https://langcog.stanford.edu/expts/saycam/frames/18688-S_20140426_1809_01.AVI.mp4-30205.jpg,book
https://langcog.stanford.edu/expts/saycam/frames/18692-S_20140426_1809_02.AVI.mp4-5605.jpg,person
https://langcog.stanford.edu/expts/saycam/frames/18693-S_20140426_1809_02.AVI.mp4-7470.jpg,leg
https://langcog.stanford.edu/expts/saycam/frames/18694-S_20140426_1809_02.AVI.mp4-7545.jpg,sippycup
https://langcog.stanford.edu/expts/saycam/frames/18695-S_20140426_1809_02.AVI.mp4-7600.jpg,bowl
https://langcog.stanford.edu/expts/saycam/frames/18705-S_20140426_1809_04.AVI.mp4-1520.jpg,no child hands
https://langcog.stanford.edu/expts/saycam/frames/18706-S_20140426_1809_04.AVI.mp4-2935.jpg,bowl
https://langcog.stanford.edu/expts/saycam/frames/18711-S_20140426_1809_06.AVI.mp4-2050.jpg,pencil
https://langcog.stanford.edu/expts/saycam/frames/18712-S_20140426_1809_06.AVI.mp4-2495.jpg,pencil
https://langcog.stanford.edu/expts/saycam/frames/18713-S_20140426_1809_06.AVI.mp4-3105.jpg,marker
https://langcog.stanford.edu/expts/saycam/frames/18718-S_20140426_1809_06.AVI.mp4-6860.jpg,photograph
https://langcog.stanford.edu/expts/saycam/frames/18726-S_20140426_1809_09.mp4-6470.jpg,tupperware
https://langcog.stanford.edu/expts/saycam/frames/18729-S_20140426_1809_10.mp4-1840.jpg,no child hands
https://langcog.stanford.edu/expts/saycam/frames/18736-S_20140426_1809_11.mp4-1480.jpg,no child hands
https://langcog.stanford.edu/expts/saycam/frames/18744-S_20140430_1813_01.AVI.mp4-9505.jpg,puzzle
https://langcog.stanford.edu/expts/saycam/frames/18752-S_20140430_1813_02.AVI.mp4-5625.jpg,crayon
https://langcog.stanford.edu/expts/saycam/frames/18753-S_20140430_1813_02.AVI.mp4-10000.jpg,paper
https://langcog.stanford.edu/expts/saycam/frames/18754-S_20140430_1813_02.AVI.mp4-10390.jpg,paper
https://langcog.stanford.edu/expts/saycam/frames/18755-S_20140430_1813_02.AVI.mp4-11195.jpg,pen
https://langcog.stanford.edu/expts/saycam/frames/18758-S_20140430_1813_02.AVI.mp4-15480.jpg,marker
https://langcog.stanford.edu/expts/saycam/frames/18759-S_20140430_1813_02.AVI.mp4-15565.jpg,marker
https://langcog.stanford.edu/expts/saycam/frames/1879-A_20130727_1014_01.mp4-48405.jpg,unknown object
https://langcog.stanford.edu/expts/saycam/frames/18808-S_20140503_1816_02.AVI.mp4-15005.jpg,book
https://langcog.stanford.edu/expts/saycam/frames/18809-S_20140503_1816_02.AVI.mp4-15615.jpg,book
https://langcog.stanford.edu/expts/saycam/frames/18811-S_20140503_1816_02.AVI.mp4-18780.jpg,book
https://langcog.stanford.edu/expts/saycam/frames/18812-S_20140503_1816_02.AVI.mp4-20515.jpg,book
https://langcog.stanford.edu/expts/saycam/frames/18813-S_20140503_1816_02.AVI.mp4-21830.jpg,book
https://langcog.stanford.edu/expts/saycam/frames/18814-S_20140503_1816_02.AVI.mp4-21870.jpg,book
https://langcog.stanford.edu/expts/saycam/frames/18815-S_20140503_1816_02.AVI.mp4-23450.jpg,book
https://langcog.stanford.edu/expts/saycam/frames/18818-S_20140503_1816_02.AVI.mp4-26550.jpg,book
https://langcog.stanford.edu/expts/saycam/frames/18823-S_20140503_1816_04.AVI.mp4-1135.jpg,pen
https://langcog.stanford.edu/expts/saycam/frames/18824-S_20140503_1816_04.AVI.mp4-1875.jpg,marker
https://langcog.stanford.edu/expts/saycam/frames/18825-S_20140503_1816_04.AVI.mp4-1935.jpg,marker
https://langcog.stanford.edu/expts/saycam/frames/18826-S_20140503_1816_04.AVI.mp4-2285.jpg,marker
https://langcog.stanford.edu/expts/saycam/frames/18827-S_20140503_1816_04.AVI.mp4-3320.jpg,no child hands
https://langcog.stanford.edu/expts/saycam/frames/18828-S_20140503_1816_04.AVI.mp4-7220.jpg,marker
https://langcog.stanford.edu/expts/saycam/frames/18829-S_20140503_1816_04.AVI.mp4-7250.jpg,marker
https://langcog.stanford.edu/expts/saycam/frames/18830-S_20140503_1816_04.AVI.mp4-7385.jpg,marker
https://langcog.stanford.edu/expts/saycam/frames/18854-S_20140503_1816_07.mp4-5820.jpg,button
https://langcog.stanford.edu/expts/saycam/frames/18855-S_20140503_1816_07.mp4-6025.jpg,button
https://langcog.stanford.edu/expts/saycam/frames/18863-S_20140508_1821_02.mp4-2730.jpg,book
https://langcog.stanford.edu/expts/saycam/frames/18864-S_20140508_1821_02.mp4-3440.jpg,book
https://langcog.stanford.edu/expts/saycam/frames/18866-S_20140508_1821_02.mp4-5140.jpg,puzzle
https://langcog.stanford.edu/expts/saycam/frames/18867-S_20140508_1821_02.mp4-9800.jpg,book
https://langcog.stanford.edu/expts/saycam/frames/18868-S_20140508_1821_02.mp4-11310.jpg,book
https://langcog.stanford.edu/expts/saycam/frames/18870-S_20140508_1821_02.mp4-12495.jpg,book
https://langcog.stanford.edu/expts/saycam/frames/18871-S_20140508_1821_02.mp4-15745.jpg,no child hands
https://langcog.stanford.edu/expts/saycam/frames/18872-S_20140508_1821_02.mp4-16840.jpg,no child hands
https://langcog.stanford.edu/expts/saycam/frames/18875-S_20140508_1821_02.mp4-17715.jpg,book
https://langcog.stanford.edu/expts/saycam/frames/18876-S_20140508_1821_02.mp4-18080.jpg,book
https://langcog.stanford.edu/expts/saycam/frames/18877-S_20140508_1821_02.mp4-19125.jpg,no object
https://langcog.stanford.edu/expts/saycam/frames/18878-S_20140508_1821_02.mp4-19845.jpg,book
https://langcog.stanford.edu/expts/saycam/frames/18879-S_20140508_1821_02.mp4-21205.jpg,book
https://langcog.stanford.edu/expts/saycam/frames/18884-S_20140508_1821_03.mp4-8820.jpg,house-book
https://langcog.stanford.edu/expts/saycam/frames/18886-S_20140508_1821_03.mp4-11005.jpg,book
https://langcog.stanford.edu/expts/saycam/frames/18887-S_20140508_1821_03.mp4-11730.jpg,book
https://langcog.stanford.edu/expts/saycam/frames/18888-S_20140508_1821_03.mp4-12990.jpg,unknown object
https://langcog.stanford.edu/expts/saycam/frames/18889-S_20140508_1821_03.mp4-15265.jpg,person
https://langcog.stanford.edu/expts/saycam/frames/18893-S_20140508_1821_04.mp4-2875.jpg,crib
https://langcog.stanford.edu/expts/saycam/frames/18894-S_20140508_1821_04.mp4-3785.jpg,crib
https://langcog.stanford.edu/expts/saycam/frames/18895-S_20140508_1821_05.mp4-840.jpg,foot
https://langcog.stanford.edu/expts/saycam/frames/18901-S_20140508_1821_05.mp4-12420.jpg,no object
https://langcog.stanford.edu/expts/saycam/frames/18902-S_20140508_1821_06.mp4-1620.jpg,no object
https://langcog.stanford.edu/expts/saycam/frames/18907-S_20140508_1821_06.mp4-9480.jpg,pen
https://langcog.stanford.edu/expts/saycam/frames/18908-S_20140508_1821_06.mp4-10460.jpg,pen
https://langcog.stanford.edu/expts/saycam/frames/18910-S_20140508_1821_06.mp4-13365.jpg,no child hands
https://langcog.stanford.edu/expts/saycam/frames/18914-S_20140508_1821_07.mp4-115.jpg,crib
https://langcog.stanford.edu/expts/saycam/frames/18918-S_20140508_1821_07.mp4-10120.jpg,no child hands
https://langcog.stanford.edu/expts/saycam/frames/1892-A_20130727_1014_02.mp4-6765.jpg,no child hands
https://langcog.stanford.edu/expts/saycam/frames/18926-S_20140508_1821_08.mp4-6515.jpg,allocentric
https://langcog.stanford.edu/expts/saycam/frames/18932-S_20140510_1823_01.mp4-8470.jpg,no child hands
https://langcog.stanford.edu/expts/saycam/frames/18937-S_20140510_1823_01.mp4-15840.jpg,unknown object
https://langcog.stanford.edu/expts/saycam/frames/18939-S_20140510_1823_01.mp4-19475.jpg,food
https://langcog.stanford.edu/expts/saycam/frames/18943-S_20140510_1823_04.mp4-1805.jpg,marker
https://langcog.stanford.edu/expts/saycam/frames/18944-S_20140510_1823_04.mp4-2960.jpg,marker
https://langcog.stanford.edu/expts/saycam/frames/18945-S_20140510_1823_04.mp4-3485.jpg,marker
https://langcog.stanford.edu/expts/saycam/frames/18946-S_20140510_1823_04.mp4-4325.jpg,foot
https://langcog.stanford.edu/expts/saycam/frames/18947-S_20140510_1823_04.mp4-6690.jpg,marker
https://langcog.stanford.edu/expts/saycam/frames/18948-S_20140510_1823_04.mp4-9450.jpg,marker
https://langcog.stanford.edu/expts/saycam/frames/18949-S_20140510_1823_04.mp4-10790.jpg,marker
https://langcog.stanford.edu/expts/saycam/frames/18950-S_20140510_1823_04.mp4-11220.jpg,marker
https://langcog.stanford.edu/expts/saycam/frames/18951-S_20140510_1823_05.mp4-935.jpg,postcard
https://langcog.stanford.edu/expts/saycam/frames/18954-S_20140510_1823_05.mp4-3155.jpg,postcard
https://langcog.stanford.edu/expts/saycam/frames/18956-S_20140510_1823_05.mp4-7425.jpg,pants
https://langcog.stanford.edu/expts/saycam/frames/18957-S_20140510_1823_05.mp4-7500.jpg,crib
https://langcog.stanford.edu/expts/saycam/frames/18959-S_20140510_1823_06.mp4-505.jpg,book
https://langcog.stanford.edu/expts/saycam/frames/18960-S_20140510_1823_06.mp4-1060.jpg,banana-book
https://langcog.stanford.edu/expts/saycam/frames/18962-S_20140510_1823_06.mp4-2765.jpg,doll-book
https://langcog.stanford.edu/expts/saycam/frames/18963-S_20140510_1823_06.mp4-3130.jpg,book
https://langcog.stanford.edu/expts/saycam/frames/18964-S_20140510_1823_06.mp4-3450.jpg,book
https://langcog.stanford.edu/expts/saycam/frames/18965-S_20140510_1823_06.mp4-6110.jpg,ball-book
https://langcog.stanford.edu/expts/saycam/frames/18966-S_20140510_1823_06.mp4-6420.jpg,shell-book
https://langcog.stanford.edu/expts/saycam/frames/18967-S_20140510_1823_06.mp4-6875.jpg,book
https://langcog.stanford.edu/expts/saycam/frames/18969-S_20140510_1823_06.mp4-10475.jpg,banana-book
https://langcog.stanford.edu/expts/saycam/frames/18972-S_20140510_1823_07.mp4-1665.jpg,no child hands
https://langcog.stanford.edu/expts/saycam/frames/18973-S_20140510_1823_07.mp4-3615.jpg,cat-book
https://langcog.stanford.edu/expts/saycam/frames/18978-S_20140510_1823_07.mp4-7050.jpg,cow-book
https://langcog.stanford.edu/expts/saycam/frames/18979-S_20140510_1823_07.mp4-8860.jpg,book
https://langcog.stanford.edu/expts/saycam/frames/18980-S_20140510_1823_07.mp4-9505.jpg,book
https://langcog.stanford.edu/expts/saycam/frames/18983-S_20140510_1823_07.mp4-13290.jpg,no child hands
https://langcog.stanford.edu/expts/saycam/frames/18984-S_20140510_1823_08.mp4-210.jpg,book
https://langcog.stanford.edu/expts/saycam/frames/18985-S_20140510_1823_08.mp4-1185.jpg,puzzle
https://langcog.stanford.edu/expts/saycam/frames/18989-S_20140510_1823_09.mp4-4585.jpg,no child hands
https://langcog.stanford.edu/expts/saycam/frames/18990-S_20140510_1823_10.mp4-1270.jpg,puzzle
https://langcog.stanford.edu/expts/saycam/frames/18991-S_20140510_1823_10.mp4-4805.jpg,unknown object
https://langcog.stanford.edu/expts/saycam/frames/18994-S_20140510_1823_10.mp4-7885.jpg,puzzle
https://langcog.stanford.edu/expts/saycam/frames/18996-S_20140510_1823_10.mp4-8925.jpg,puzzle
https://langcog.stanford.edu/expts/saycam/frames/18997-S_20140510_1823_10.mp4-9010.jpg,puzzle
https://langcog.stanford.edu/expts/saycam/frames/1900-A_20130727_1014_02.mp4-20125.jpg,hat
https://langcog.stanford.edu/expts/saycam/frames/19002-S_20140510_1823_10.mp4-15930.jpg,floor
https://langcog.stanford.edu/expts/saycam/frames/19003-S_20140510_1823_10.mp4-15980.jpg,shoes
https://langcog.stanford.edu/expts/saycam/frames/19006-S_20140514_1827_01.mp4-1385.jpg,fence
https://langcog.stanford.edu/expts/saycam/frames/19033-S_20140514_1827_04.mp4-3515.jpg,pen
https://langcog.stanford.edu/expts/saycam/frames/19060-S_20140514_1827_04.mp4-34645.jpg,puzzle
https://langcog.stanford.edu/expts/saycam/frames/19061-S_20140514_1827_04.mp4-35860.jpg,puzzle
https://langcog.stanford.edu/expts/saycam/frames/19067-S_20140517_1900_01.mp4-4130.jpg,crib
https://langcog.stanford.edu/expts/saycam/frames/19078-S_20140517_1900_03.mp4-9025.jpg,unknown object
https://langcog.stanford.edu/expts/saycam/frames/19090-S_20140517_1900_04.mp4-1235.jpg,bowl
https://langcog.stanford.edu/expts/saycam/frames/19092-S_20140517_1900_04.mp4-4000.jpg,unknown object
https://langcog.stanford.edu/expts/saycam/frames/19099-S_20140517_1900_04.mp4-11745.jpg,bowl
https://langcog.stanford.edu/expts/saycam/frames/19102-S_20140517_1900_04.mp4-14920.jpg,box
https://langcog.stanford.edu/expts/saycam/frames/19103-S_20140517_1900_04.mp4-17240.jpg,puzzle
https://langcog.stanford.edu/expts/saycam/frames/19104-S_20140517_1900_04.mp4-17620.jpg,puzzle
https://langcog.stanford.edu/expts/saycam/frames/19105-S_20140517_1900_04.mp4-21690.jpg,puzzle
https://langcog.stanford.edu/expts/saycam/frames/19106-S_20140517_1900_04.mp4-22880.jpg,puzzle
https://langcog.stanford.edu/expts/saycam/frames/19107-S_20140517_1900_04.mp4-24265.jpg,puzzle
https://langcog.stanford.edu/expts/saycam/frames/19109-S_20140517_1900_05.mp4-1230.jpg,puzzle
https://langcog.stanford.edu/expts/saycam/frames/19110-S_20140517_1900_05.mp4-1655.jpg,puzzle
https://langcog.stanford.edu/expts/saycam/frames/19111-S_20140517_1900_05.mp4-1905.jpg,puzzle
https://langcog.stanford.edu/expts/saycam/frames/19112-S_20140517_1900_05.mp4-2490.jpg,puzzle
https://langcog.stanford.edu/expts/saycam/frames/19113-S_20140517_1900_05.mp4-3285.jpg,puzzle
https://langcog.stanford.edu/expts/saycam/frames/19114-S_20140517_1900_05.mp4-3900.jpg,puzzle
https://langcog.stanford.edu/expts/saycam/frames/19115-S_20140517_1900_05.mp4-4855.jpg,puzzle
https://langcog.stanford.edu/expts/saycam/frames/19117-S_20140517_1900_05.mp4-9175.jpg,xylophone
https://langcog.stanford.edu/expts/saycam/frames/19118-S_20140517_1900_05.mp4-10330.jpg,unknown object
https://langcog.stanford.edu/expts/saycam/frames/1912-A_20130731_1018_01.mp4-11570.jpg,unknown object
https://langcog.stanford.edu/expts/saycam/frames/19137-S_20140524_1907_02.mp4-3270.jpg,book
https://langcog.stanford.edu/expts/saycam/frames/19144-S_20140524_1907_03.mp4-3535.jpg,unknown object
https://langcog.stanford.edu/expts/saycam/frames/19145-S_20140524_1907_04.mp4-1705.jpg,clothing
https://langcog.stanford.edu/expts/saycam/frames/19162-S_20140524_1907_04.mp4-24365.jpg,unknown object
https://langcog.stanford.edu/expts/saycam/frames/19163-S_20140524_1907_04.mp4-25250.jpg,toy
https://langcog.stanford.edu/expts/saycam/frames/19164-S_20140524_1907_05.mp4-715.jpg,no child hands
https://langcog.stanford.edu/expts/saycam/frames/19165-S_20140524_1907_05.mp4-3610.jpg,table
https://langcog.stanford.edu/expts/saycam/frames/19179-S_20140528_1911_01.mp4-5545.jpg,stuffed animal
https://langcog.stanford.edu/expts/saycam/frames/19181-S_20140528_1911_01.mp4-6225.jpg,book
https://langcog.stanford.edu/expts/saycam/frames/19182-S_20140528_1911_01.mp4-7245.jpg,book
https://langcog.stanford.edu/expts/saycam/frames/19184-S_20140528_1911_01.mp4-8280.jpg,book
https://langcog.stanford.edu/expts/saycam/frames/19190-S_20140528_1911_02.mp4-5605.jpg,no child hands
https://langcog.stanford.edu/expts/saycam/frames/19192-S_20140528_1911_02.mp4-7295.jpg,no child hands
https://langcog.stanford.edu/expts/saycam/frames/19194-S_20140528_1911_02.mp4-8695.jpg,book
https://langcog.stanford.edu/expts/saycam/frames/19195-S_20140528_1911_02.mp4-10160.jpg,book
https://langcog.stanford.edu/expts/saycam/frames/19196-S_20140528_1911_02.mp4-10480.jpg,book
https://langcog.stanford.edu/expts/saycam/frames/19197-S_20140528_1911_02.mp4-10495.jpg,truck-book
https://langcog.stanford.edu/expts/saycam/frames/19198-S_20140528_1911_02.mp4-10600.jpg,book
https://langcog.stanford.edu/expts/saycam/frames/19199-S_20140528_1911_02.mp4-11060.jpg,book
https://langcog.stanford.edu/expts/saycam/frames/19211-S_20140528_1911_02.mp4-22220.jpg,person
https://langcog.stanford.edu/expts/saycam/frames/19218-S_20140528_1911_02.mp4-33850.jpg,fruit
https://langcog.stanford.edu/expts/saycam/frames/19226-S_20140528_1911_04.mp4-6570.jpg,unknown object
https://langcog.stanford.edu/expts/saycam/frames/19227-S_20140528_1911_04.mp4-10235.jpg,tricycle
https://langcog.stanford.edu/expts/saycam/frames/19238-S_20140528_1911_05.mp4-6955.jpg,car seat
https://langcog.stanford.edu/expts/saycam/frames/19246-S_20140601_1915_01.mp4-9905.jpg,book
https://langcog.stanford.edu/expts/saycam/frames/19248-S_20140601_1915_01.mp4-10420.jpg,book
https://langcog.stanford.edu/expts/saycam/frames/19253-S_20140601_1915_01.mp4-13670.jpg,toy car
https://langcog.stanford.edu/expts/saycam/frames/19254-S_20140601_1915_01.mp4-15385.jpg,toy car
https://langcog.stanford.edu/expts/saycam/frames/19255-S_20140601_1915_01.mp4-16360.jpg,no object
https://langcog.stanford.edu/expts/saycam/frames/19256-S_20140601_1915_01.mp4-17370.jpg,toy car
https://langcog.stanford.edu/expts/saycam/frames/19258-S_20140601_1915_01.mp4-18115.jpg,table
https://langcog.stanford.edu/expts/saycam/frames/1926-A_20130731_1018_01.mp4-22955.jpg,unknown object
https://langcog.stanford.edu/expts/saycam/frames/19301-S_20140605_1919_01.mp4-10155.jpg,no child hands
https://langcog.stanford.edu/expts/saycam/frames/19302-S_20140605_1919_01.mp4-10640.jpg,no child hands
https://langcog.stanford.edu/expts/saycam/frames/19303-S_20140605_1919_01.mp4-10800.jpg,book
https://langcog.stanford.edu/expts/saycam/frames/19304-S_20140605_1919_01.mp4-10890.jpg,book
https://langcog.stanford.edu/expts/saycam/frames/19305-S_20140605_1919_01.mp4-13345.jpg,book
https://langcog.stanford.edu/expts/saycam/frames/19307-S_20140605_1919_01.mp4-13780.jpg,no child hands
https://langcog.stanford.edu/expts/saycam/frames/19308-S_20140605_1919_01.mp4-13915.jpg,no child hands
https://langcog.stanford.edu/expts/saycam/frames/19314-S_20140605_1919_01.mp4-17605.jpg,book
https://langcog.stanford.edu/expts/saycam/frames/19317-S_20140605_1919_02.mp4-1825.jpg,book
https://langcog.stanford.edu/expts/saycam/frames/19318-S_20140605_1919_02.mp4-2465.jpg,book
https://langcog.stanford.edu/expts/saycam/frames/19325-S_20140605_1919_02.mp4-11010.jpg,book
https://langcog.stanford.edu/expts/saycam/frames/19326-S_20140605_1919_02.mp4-11130.jpg,book
https://langcog.stanford.edu/expts/saycam/frames/19330-S_20140605_1919_02.mp4-12580.jpg,necklace
https://langcog.stanford.edu/expts/saycam/frames/19332-S_20140605_1919_02.mp4-14655.jpg,book
https://langcog.stanford.edu/expts/saycam/frames/19333-S_20140605_1919_02.mp4-14875.jpg,book
https://langcog.stanford.edu/expts/saycam/frames/19335-S_20140605_1919_02.mp4-16670.jpg,book
https://langcog.stanford.edu/expts/saycam/frames/19336-S_20140605_1919_02.mp4-17395.jpg,book
https://langcog.stanford.edu/expts/saycam/frames/19337-S_20140605_1919_02.mp4-18120.jpg,book
https://langcog.stanford.edu/expts/saycam/frames/19338-S_20140605_1919_02.mp4-19460.jpg,book
https://langcog.stanford.edu/expts/saycam/frames/19345-S_20140605_1919_03.mp4-10280.jpg,necklace
https://langcog.stanford.edu/expts/saycam/frames/19349-S_20140605_1919_03.mp4-16650.jpg,stuffed animal
https://langcog.stanford.edu/expts/saycam/frames/19351-S_20140605_1919_03.mp4-18445.jpg,unknown object
https://langcog.stanford.edu/expts/saycam/frames/19361-S_20140605_1919_05.mp4-4735.jpg,grass
https://langcog.stanford.edu/expts/saycam/frames/19365-S_20140605_1919_06.mp4-2275.jpg,trowel
https://langcog.stanford.edu/expts/saycam/frames/19382-S_20140609_1923_02.mp4-8445.jpg,table
https://langcog.stanford.edu/expts/saycam/frames/19384-S_20140609_1923_02.mp4-9680.jpg,no object
https://langcog.stanford.edu/expts/saycam/frames/19397-S_20140609_1923_06.mp4-220.jpg,toy
https://langcog.stanford.edu/expts/saycam/frames/19401-S_20140609_1923_06.mp4-3170.jpg,toy
https://langcog.stanford.edu/expts/saycam/frames/19405-S_20140609_1923_06.mp4-6880.jpg,unknown object
https://langcog.stanford.edu/expts/saycam/frames/19410-S_20140611_1925_01.mp4-3960.jpg,no child hands
https://langcog.stanford.edu/expts/saycam/frames/19427-S_20140611_1925_05.mp4-1020.jpg,paper
https://langcog.stanford.edu/expts/saycam/frames/19428-S_20140611_1925_05.mp4-2030.jpg,marker
https://langcog.stanford.edu/expts/saycam/frames/19429-S_20140611_1925_05.mp4-6195.jpg,marker
https://langcog.stanford.edu/expts/saycam/frames/19431-S_20140611_1925_05.mp4-7280.jpg,marker
https://langcog.stanford.edu/expts/saycam/frames/19433-S_20140611_1925_06.mp4-1050.jpg,no child hands
https://langcog.stanford.edu/expts/saycam/frames/19435-S_20140611_1925_06.mp4-5700.jpg,book
https://langcog.stanford.edu/expts/saycam/frames/19436-S_20140611_1925_06.mp4-6425.jpg,no object
https://langcog.stanford.edu/expts/saycam/frames/19437-S_20140611_1925_07.mp4-1030.jpg,crib
https://langcog.stanford.edu/expts/saycam/frames/19442-S_20140611_1925_07.mp4-7055.jpg,unknown object
https://langcog.stanford.edu/expts/saycam/frames/19443-S_20140611_1925_08.mp4-3185.jpg,unknown object
https://langcog.stanford.edu/expts/saycam/frames/19447-S_20140612_1926_01.mp4-3840.jpg,no child hands
https://langcog.stanford.edu/expts/saycam/frames/19452-S_20140612_1926_01.mp4-8555.jpg,bench
https://langcog.stanford.edu/expts/saycam/frames/19468-S_20140612_1926_04.mp4-645.jpg,table
https://langcog.stanford.edu/expts/saycam/frames/19471-S_20140612_1926_05.mp4-990.jpg,playground
https://langcog.stanford.edu/expts/saycam/frames/19475-S_20140612_1926_05.mp4-4110.jpg,no object
https://langcog.stanford.edu/expts/saycam/frames/19504-S_20140614_1928_01.mp4-1970.jpg,crib
https://langcog.stanford.edu/expts/saycam/frames/19505-S_20140614_1928_01.mp4-2000.jpg,crib
https://langcog.stanford.edu/expts/saycam/frames/19513-S_20140614_1928_02.mp4-2740.jpg,teething ring
https://langcog.stanford.edu/expts/saycam/frames/19521-S_20140614_1928_02.mp4-10195.jpg,table
https://langcog.stanford.edu/expts/saycam/frames/19527-S_20140614_1928_02.mp4-16060.jpg,bread
https://langcog.stanford.edu/expts/saycam/frames/19535-S_20140614_1928_03.mp4-11260.jpg,bread
https://langcog.stanford.edu/expts/saycam/frames/19537-S_20140614_1928_03.mp4-13645.jpg,bread
https://langcog.stanford.edu/expts/saycam/frames/19540-S_20140614_1928_05.mp4-945.jpg,card
https://langcog.stanford.edu/expts/saycam/frames/19542-S_20140614_1928_06.mp4-900.jpg,tupperwarde
https://langcog.stanford.edu/expts/saycam/frames/19547-S_20140614_1928_07.mp4-5305.jpg,necklace
https://langcog.stanford.edu/expts/saycam/frames/1955-A_20130731_1018_02.mp4-2915.jpg,hair
https://langcog.stanford.edu/expts/saycam/frames/19551-S_20140614_1928_08.mp4-3515.jpg,crib
https://langcog.stanford.edu/expts/saycam/frames/19552-S_20140614_1928_08.mp4-5970.jpg,stuffed animal
https://langcog.stanford.edu/expts/saycam/frames/19553-S_20140614_1928_08.mp4-6050.jpg,teddybear
https://langcog.stanford.edu/expts/saycam/frames/19554-S_20140614_1928_08.mp4-6900.jpg,unknown object
https://langcog.stanford.edu/expts/saycam/frames/19555-S_20140614_1928_08.mp4-7120.jpg,no child hands
https://langcog.stanford.edu/expts/saycam/frames/19575-S_20140618_2001_01.mp4-15765.jpg,bread
https://langcog.stanford.edu/expts/saycam/frames/19578-S_20140618_2001_01.mp4-21520.jpg,cup
https://langcog.stanford.edu/expts/saycam/frames/19582-S_20140618_2001_01.mp4-23210.jpg,floor
https://langcog.stanford.edu/expts/saycam/frames/19585-S_20140618_2001_01.mp4-27325.jpg,crib
https://langcog.stanford.edu/expts/saycam/frames/19622-S_20140618_2001_05.mp4-15745.jpg,hand
https://langcog.stanford.edu/expts/saycam/frames/19624-S_20140618_2001_05.mp4-17265.jpg,hand
https://langcog.stanford.edu/expts/saycam/frames/19634-S_20140622_2005_01.mp4-1690.jpg,no child hands
https://langcog.stanford.edu/expts/saycam/frames/19653-S_20140622_2005_04.mp4-6805.jpg,bread
https://langcog.stanford.edu/expts/saycam/frames/19658-S_20140622_2005_04.mp4-12150.jpg,bread
https://langcog.stanford.edu/expts/saycam/frames/19660-S_20140622_2005_04.mp4-15725.jpg,food
https://langcog.stanford.edu/expts/saycam/frames/19661-S_20140622_2005_04.mp4-17655.jpg,bread
https://langcog.stanford.edu/expts/saycam/frames/19669-S_20140622_2005_05.mp4-1975.jpg,hand
https://langcog.stanford.edu/expts/saycam/frames/19688-S_20140622_2005_07.mp4-1420.jpg,no child hands
https://langcog.stanford.edu/expts/saycam/frames/19689-S_20140622_2005_07.mp4-1480.jpg,button
https://langcog.stanford.edu/expts/saycam/frames/19692-S_20140622_2005_07.mp4-8805.jpg,book
https://langcog.stanford.edu/expts/saycam/frames/19702-S_20140628_2011_01.mp4-7635.jpg,bread
https://langcog.stanford.edu/expts/saycam/frames/19703-S_20140628_2011_02.mp4-105.jpg,bread
https://langcog.stanford.edu/expts/saycam/frames/19708-S_20140628_2011_03.mp4-3800.jpg,allocentric
https://langcog.stanford.edu/expts/saycam/frames/19744-S_20140705_2018_01.mp4-4555.jpg,toy
https://langcog.stanford.edu/expts/saycam/frames/19746-S_20140705_2018_02.mp4-5680.jpg,shoes
https://langcog.stanford.edu/expts/saycam/frames/19751-S_20140705_2018_02.mp4-13340.jpg,toy
https://langcog.stanford.edu/expts/saycam/frames/19753-S_20140705_2018_02.mp4-18375.jpg,cup
https://langcog.stanford.edu/expts/saycam/frames/19754-S_20140705_2018_02.mp4-18520.jpg,cup
https://langcog.stanford.edu/expts/saycam/frames/19755-S_20140705_2018_02.mp4-19490.jpg,floor
https://langcog.stanford.edu/expts/saycam/frames/19756-S_20140705_2018_02.mp4-20640.jpg,toy
https://langcog.stanford.edu/expts/saycam/frames/19757-S_20140705_2018_02.mp4-21670.jpg,toy
https://langcog.stanford.edu/expts/saycam/frames/19760-S_20140705_2018_03.mp4-5220.jpg,book
https://langcog.stanford.edu/expts/saycam/frames/19761-S_20140705_2018_03.mp4-6555.jpg,book
https://langcog.stanford.edu/expts/saycam/frames/19762-S_20140705_2018_03.mp4-10005.jpg,stuffed animal
https://langcog.stanford.edu/expts/saycam/frames/19767-S_20140705_2018_03.mp4-17660.jpg,toy
https://langcog.stanford.edu/expts/saycam/frames/19768-S_20140705_2018_03.mp4-19545.jpg,faucet
https://langcog.stanford.edu/expts/saycam/frames/19769-S_20140705_2018_03.mp4-21715.jpg,no child hands
https://langcog.stanford.edu/expts/saycam/frames/19770-S_20140705_2018_04.mp4-1035.jpg,towel
https://langcog.stanford.edu/expts/saycam/frames/19772-S_20140705_2018_04.mp4-2740.jpg,towel
https://langcog.stanford.edu/expts/saycam/frames/19773-S_20140705_2018_04.mp4-3010.jpg,no child hands
https://langcog.stanford.edu/expts/saycam/frames/19781-S_20140705_2018_04.mp4-19265.jpg,table
https://langcog.stanford.edu/expts/saycam/frames/19815-S_20140707_2020_03.mp4-13195.jpg,book
https://langcog.stanford.edu/expts/saycam/frames/19816-S_20140707_2020_03.mp4-14015.jpg,book
https://langcog.stanford.edu/expts/saycam/frames/19817-S_20140707_2020_03.mp4-14125.jpg,book
https://langcog.stanford.edu/expts/saycam/frames/19819-S_20140707_2020_03.mp4-15510.jpg,book
https://langcog.stanford.edu/expts/saycam/frames/19823-S_20140707_2020_03.mp4-19590.jpg,book
https://langcog.stanford.edu/expts/saycam/frames/19838-S_20140710_2023_01.mp4-2005.jpg,clay
https://langcog.stanford.edu/expts/saycam/frames/19857-S_20140710_2023_02.mp4-9590.jpg,unknown object
https://langcog.stanford.edu/expts/saycam/frames/19873-S_20140713_2026_01.mp4-14370.jpg,no child hands
https://langcog.stanford.edu/expts/saycam/frames/19889-S_20140713_2026_02.mp4-23780.jpg,computer
https://langcog.stanford.edu/expts/saycam/frames/19911-S_20140713_2026_03.mp4-25950.jpg,scissors
https://langcog.stanford.edu/expts/saycam/frames/19920-S_20140717_2100_01.mp4-1050.jpg,no child hands
https://langcog.stanford.edu/expts/saycam/frames/19938-S_20140717_2100_06.mp4-3385.jpg,grass
https://langcog.stanford.edu/expts/saycam/frames/19942-S_20140717_2100_06.mp4-5395.jpg,cup
https://langcog.stanford.edu/expts/saycam/frames/19947-S_20140717_2100_06.mp4-10165.jpg,cup
https://langcog.stanford.edu/expts/saycam/frames/19948-S_20140717_2100_06.mp4-10490.jpg,cup
https://langcog.stanford.edu/expts/saycam/frames/19977-S_20140720_2103_01.mp4-215.jpg,book
https://langcog.stanford.edu/expts/saycam/frames/19979-S_20140720_2103_01.mp4-705.jpg,orange
https://langcog.stanford.edu/expts/saycam/frames/19980-S_20140720_2103_01.mp4-720.jpg,orange
https://langcog.stanford.edu/expts/saycam/frames/19998-S_20140720_2103_03.mp4-840.jpg,no child hands
https://langcog.stanford.edu/expts/saycam/frames/20000-S_20140720_2103_03.mp4-2910.jpg,food
https://langcog.stanford.edu/expts/saycam/frames/20003-S_20140720_2103_03.mp4-5335.jpg,food
https://langcog.stanford.edu/expts/saycam/frames/20007-S_20140720_2103_03.mp4-8045.jpg,playdough
https://langcog.stanford.edu/expts/saycam/frames/20020-S_20140720_2103_03.mp4-25105.jpg,book
https://langcog.stanford.edu/expts/saycam/frames/20025-S_20140720_2103_04.mp4-9290.jpg,car door
https://langcog.stanford.edu/expts/saycam/frames/20041-S_20140720_2103_05.mp4-16435.jpg,book
https://langcog.stanford.edu/expts/saycam/frames/20042-S_20140720_2103_05.mp4-16570.jpg,book
https://langcog.stanford.edu/expts/saycam/frames/20047-S_20140720_2103_06.mp4-2580.jpg,no child hands
https://langcog.stanford.edu/expts/saycam/frames/20051-S_20140729_2112_01.mp4-2705.jpg,no child hands
https://langcog.stanford.edu/expts/saycam/frames/20057-S_20140729_2112_01.mp4-19955.jpg,playdough
https://langcog.stanford.edu/expts/saycam/frames/20058-S_20140729_2112_01.mp4-19985.jpg,playdough
https://langcog.stanford.edu/expts/saycam/frames/20061-S_20140729_2112_01.mp4-25730.jpg,floor
https://langcog.stanford.edu/expts/saycam/frames/20062-S_20140729_2112_01.mp4-25735.jpg,floor
https://langcog.stanford.edu/expts/saycam/frames/20063-S_20140729_2112_01.mp4-25815.jpg,playdough
https://langcog.stanford.edu/expts/saycam/frames/20064-S_20140729_2112_01.mp4-27300.jpg,playdough
https://langcog.stanford.edu/expts/saycam/frames/20065-S_20140729_2112_01.mp4-28320.jpg,playdough
https://langcog.stanford.edu/expts/saycam/frames/20067-S_20140729_2112_02.mp4-40.jpg,scissors
https://langcog.stanford.edu/expts/saycam/frames/20069-S_20140729_2112_03.mp4-3710.jpg,plate
https://langcog.stanford.edu/expts/saycam/frames/20072-S_20140729_2112_04.mp4-365.jpg,floor
https://langcog.stanford.edu/expts/saycam/frames/20089-S_20140801_2115_01.mp4-10630.jpg,no child hands
https://langcog.stanford.edu/expts/saycam/frames/20090-S_20140801_2115_01.mp4-12510.jpg,sippycup
https://langcog.stanford.edu/expts/saycam/frames/20092-S_20140801_2115_01.mp4-22240.jpg,sippycup
https://langcog.stanford.edu/expts/saycam/frames/20093-S_20140801_2115_01.mp4-22685.jpg,food
https://langcog.stanford.edu/expts/saycam/frames/20094-S_20140801_2115_01.mp4-23825.jpg,food
https://langcog.stanford.edu/expts/saycam/frames/20097-S_20140801_2115_02.mp4-1075.jpg,knee
https://langcog.stanford.edu/expts/saycam/frames/20102-S_20140801_2115_02.mp4-7015.jpg,no child hands
https://langcog.stanford.edu/expts/saycam/frames/20103-S_20140801_2115_02.mp4-8595.jpg,toy tractor
https://langcog.stanford.edu/expts/saycam/frames/20117-S_20140801_2115_02.mp4-21545.jpg,book
https://langcog.stanford.edu/expts/saycam/frames/20126-S_20140801_2115_02.mp4-30350.jpg,book
https://langcog.stanford.edu/expts/saycam/frames/20128-S_20140801_2115_02.mp4-34500.jpg,book
https://langcog.stanford.edu/expts/saycam/frames/20134-S_20140801_2115_03.mp4-5085.jpg,stuffed animal
https://langcog.stanford.edu/expts/saycam/frames/20135-S_20140801_2115_03.mp4-5265.jpg,stuffed animal
https://langcog.stanford.edu/expts/saycam/frames/20136-S_20140801_2115_03.mp4-9365.jpg,no child hands
https://langcog.stanford.edu/expts/saycam/frames/20137-S_20140801_2115_03.mp4-10670.jpg,stuffed animal
https://langcog.stanford.edu/expts/saycam/frames/20138-S_20140801_2115_03.mp4-12755.jpg,toothpaste
https://langcog.stanford.edu/expts/saycam/frames/20140-S_20140801_2115_03.mp4-14750.jpg,stuffed animal
https://langcog.stanford.edu/expts/saycam/frames/20147-S_20140801_2115_03.mp4-28060.jpg,book
https://langcog.stanford.edu/expts/saycam/frames/20157-S_20140806_2120_01.mp4-8025.jpg,toy
https://langcog.stanford.edu/expts/saycam/frames/20186-S_20140806_2120_04.mp4-7430.jpg,block
https://langcog.stanford.edu/expts/saycam/frames/20187-S_20140806_2120_04.mp4-8865.jpg,no child hands
https://langcog.stanford.edu/expts/saycam/frames/20195-S_20140806_2120_04.mp4-20280.jpg,block
https://langcog.stanford.edu/expts/saycam/frames/20198-S_20140806_2120_04.mp4-24415.jpg,block
https://langcog.stanford.edu/expts/saycam/frames/20211-S_20140809_2123_01.mp4-3565.jpg,unknown object
https://langcog.stanford.edu/expts/saycam/frames/20217-S_20140809_2123_01.mp4-11055.jpg,table
https://langcog.stanford.edu/expts/saycam/frames/2022-A_20130731_1018_03.mp4-29635.jpg,book
https://langcog.stanford.edu/expts/saycam/frames/20234-S_20140809_2123_01.mp4-35530.jpg,book
https://langcog.stanford.edu/expts/saycam/frames/20237-S_20140809_2123_02.mp4-4765.jpg,book
https://langcog.stanford.edu/expts/saycam/frames/20238-S_20140809_2123_02.mp4-5785.jpg,book
https://langcog.stanford.edu/expts/saycam/frames/20255-S_20140809_2123_03.mp4-25865.jpg,book
https://langcog.stanford.edu/expts/saycam/frames/20291-S_20140815_2129_01.mp4-24415.jpg,lego
https://langcog.stanford.edu/expts/saycam/frames/20292-S_20140815_2129_01.mp4-26995.jpg,no child hands
https://langcog.stanford.edu/expts/saycam/frames/20296-S_20140816_2130_01.mp4-1480.jpg,block
https://langcog.stanford.edu/expts/saycam/frames/20302-S_20140816_2130_01.mp4-10595.jpg,block
https://langcog.stanford.edu/expts/saycam/frames/20308-S_20140816_2130_01.mp4-18535.jpg,no child hands
https://langcog.stanford.edu/expts/saycam/frames/20320-S_20140816_2130_04.mp4-1980.jpg,food
https://langcog.stanford.edu/expts/saycam/frames/20323-S_20140816_2130_04.mp4-3635.jpg,unknown object
https://langcog.stanford.edu/expts/saycam/frames/20326-S_20140816_2130_04.mp4-9665.jpg,legos
https://langcog.stanford.edu/expts/saycam/frames/20327-S_20140816_2130_04.mp4-10690.jpg,legos
https://langcog.stanford.edu/expts/saycam/frames/20328-S_20140816_2130_04.mp4-11920.jpg,legos
https://langcog.stanford.edu/expts/saycam/frames/20329-S_20140816_2130_04.mp4-12885.jpg,legos
https://langcog.stanford.edu/expts/saycam/frames/20330-S_20140816_2130_04.mp4-14210.jpg,string
https://langcog.stanford.edu/expts/saycam/frames/20336-S_20140816_2130_05.mp4-8145.jpg,marker
https://langcog.stanford.edu/expts/saycam/frames/20343-S_20140821_2204_01.mp4-7730.jpg,no child hands
https://langcog.stanford.edu/expts/saycam/frames/20351-S_20140821_2204_02.mp4-7575.jpg,table
https://langcog.stanford.edu/expts/saycam/frames/20355-S_20140821_2204_02.mp4-16485.jpg,food
https://langcog.stanford.edu/expts/saycam/frames/20356-S_20140821_2204_02.mp4-16920.jpg,food
https://langcog.stanford.edu/expts/saycam/frames/20357-S_20140821_2204_02.mp4-18555.jpg,fruit
https://langcog.stanford.edu/expts/saycam/frames/20361-S_20140821_2204_03.mp4-6710.jpg,unknown object
https://langcog.stanford.edu/expts/saycam/frames/20362-S_20140821_2204_03.mp4-7165.jpg,button
https://langcog.stanford.edu/expts/saycam/frames/20379-S_20140821_2204_05.mp4-9085.jpg,unknown object
https://langcog.stanford.edu/expts/saycam/frames/20430-S_20140823_2206_04.mp4-5560.jpg,unknown object
https://langcog.stanford.edu/expts/saycam/frames/20439-S_20140824_2207_01.mp4-2155.jpg,legos
https://langcog.stanford.edu/expts/saycam/frames/20451-S_20140824_2207_01.mp4-17190.jpg,stuffed animal
https://langcog.stanford.edu/expts/saycam/frames/20455-S_20140824_2207_02.mp4-4915.jpg,book
https://langcog.stanford.edu/expts/saycam/frames/20456-S_20140824_2207_02.mp4-6095.jpg,book
https://langcog.stanford.edu/expts/saycam/frames/20459-S_20140824_2207_02.mp4-7355.jpg,book
https://langcog.stanford.edu/expts/saycam/frames/20460-S_20140824_2207_02.mp4-7810.jpg,book
https://langcog.stanford.edu/expts/saycam/frames/20466-S_20140824_2207_02.mp4-14035.jpg,book
https://langcog.stanford.edu/expts/saycam/frames/20482-S_20140828_2211_02.mp4-3925.jpg,fruit
https://langcog.stanford.edu/expts/saycam/frames/20483-S_20140828_2211_02.mp4-6700.jpg,fruit
https://langcog.stanford.edu/expts/saycam/frames/20486-S_20140828_2211_02.mp4-8950.jpg,no child hands
https://langcog.stanford.edu/expts/saycam/frames/20487-S_20140828_2211_02.mp4-11315.jpg,fruit
https://langcog.stanford.edu/expts/saycam/frames/20506-S_20140828_2211_03.mp4-8935.jpg,car
https://langcog.stanford.edu/expts/saycam/frames/20512-S_20140828_2211_03.mp4-15970.jpg,lock
https://langcog.stanford.edu/expts/saycam/frames/20516-S_20140828_2211_03.mp4-17890.jpg,wheel
https://langcog.stanford.edu/expts/saycam/frames/20528-S_20140830_2213_01.mp4-2645.jpg,no child hands
https://langcog.stanford.edu/expts/saycam/frames/20536-S_20140830_2213_02.mp4-5330.jpg,floor
https://langcog.stanford.edu/expts/saycam/frames/20538-S_20140830_2213_02.mp4-5870.jpg,grape
https://langcog.stanford.edu/expts/saycam/frames/20539-S_20140830_2213_02.mp4-6590.jpg,watermelon
https://langcog.stanford.edu/expts/saycam/frames/20545-S_20140830_2213_03.mp4-5100.jpg,kiwi
https://langcog.stanford.edu/expts/saycam/frames/20556-S_20140830_2213_04.mp4-6895.jpg,unknown object
https://langcog.stanford.edu/expts/saycam/frames/20557-S_20140830_2213_04.mp4-7230.jpg,hand
https://langcog.stanford.edu/expts/saycam/frames/20559-S_20140830_2213_05.mp4-4530.jpg,no child hands
https://langcog.stanford.edu/expts/saycam/frames/20564-S_20140830_2213_05.mp4-13250.jpg,hand
https://langcog.stanford.edu/expts/saycam/frames/20578-S_20140830_2213_07.mp4-13380.jpg,foot
https://langcog.stanford.edu/expts/saycam/frames/20587-S_20140903_2217_01.mp4-3385.jpg,train track
https://langcog.stanford.edu/expts/saycam/frames/20592-S_20140903_2217_01.mp4-5630.jpg,no child hands
https://langcog.stanford.edu/expts/saycam/frames/20600-S_20140903_2217_01.mp4-12495.jpg,no child hands
https://langcog.stanford.edu/expts/saycam/frames/20615-S_20140903_2217_03.mp4-3815.jpg,toy
https://langcog.stanford.edu/expts/saycam/frames/20616-S_20140903_2217_04.mp4-1005.jpg,marker
https://langcog.stanford.edu/expts/saycam/frames/20618-S_20140903_2217_04.mp4-2855.jpg,paper
https://langcog.stanford.edu/expts/saycam/frames/20667-S_20140906_2220_06.mp4-430.jpg,book
https://langcog.stanford.edu/expts/saycam/frames/20669-S_20140906_2220_06.mp4-1090.jpg,book
https://langcog.stanford.edu/expts/saycam/frames/20672-S_20140906_2220_06.mp4-3025.jpg,book
https://langcog.stanford.edu/expts/saycam/frames/20675-S_20140906_2220_07.mp4-4480.jpg,fruit
https://langcog.stanford.edu/expts/saycam/frames/20703-S_20140907_2221_02.mp4-15595.jpg,sand
https://langcog.stanford.edu/expts/saycam/frames/20718-S_20140911_2225_02.mp4-1160.jpg,toy
https://langcog.stanford.edu/expts/saycam/frames/20729-S_20140911_2225_02.mp4-15410.jpg,unknown object
https://langcog.stanford.edu/expts/saycam/frames/20732-S_20140911_2225_04.mp4-1525.jpg,book
https://langcog.stanford.edu/expts/saycam/frames/20738-S_20140911_2225_06.mp4-2325.jpg,food
https://langcog.stanford.edu/expts/saycam/frames/20743-S_20140911_2225_06.mp4-10945.jpg,food
https://langcog.stanford.edu/expts/saycam/frames/20749-S_20140911_2225_06.mp4-19205.jpg,no child hands
https://langcog.stanford.edu/expts/saycam/frames/20750-S_20140911_2225_06.mp4-20265.jpg,food
https://langcog.stanford.edu/expts/saycam/frames/20753-S_20140911_2225_06.mp4-22110.jpg,knife
https://langcog.stanford.edu/expts/saycam/frames/20757-S_20140911_2225_08.mp4-1165.jpg,knife
https://langcog.stanford.edu/expts/saycam/frames/20799-S_20140913_2227_04.mp4-18360.jpg,toy
https://langcog.stanford.edu/expts/saycam/frames/20807-S_20140913_2227_04.mp4-30700.jpg,sippycup
https://langcog.stanford.edu/expts/saycam/frames/20811-S_20140913_2227_06.mp4-2245.jpg,legos
https://langcog.stanford.edu/expts/saycam/frames/20814-S_20140913_2227_06.mp4-5240.jpg,legos
https://langcog.stanford.edu/expts/saycam/frames/20815-S_20140913_2227_06.mp4-7370.jpg,no child hands
https://langcog.stanford.edu/expts/saycam/frames/20816-S_20140913_2227_06.mp4-7765.jpg,legos
https://langcog.stanford.edu/expts/saycam/frames/20828-S_20140913_2227_06.mp4-16045.jpg,legos
https://langcog.stanford.edu/expts/saycam/frames/20829-S_20140913_2227_06.mp4-16105.jpg,legos
https://langcog.stanford.edu/expts/saycam/frames/20830-S_20140913_2227_06.mp4-16270.jpg,legos
https://langcog.stanford.edu/expts/saycam/frames/20831-S_20140913_2227_06.mp4-20060.jpg,legos
https://langcog.stanford.edu/expts/saycam/frames/20835-S_20140913_2227_08.mp4-3275.jpg,unknown objects
https://langcog.stanford.edu/expts/saycam/frames/20847-S_20140913_2227_09.mp4-7970.jpg,no child hands
https://langcog.stanford.edu/expts/saycam/frames/20859-S_20140917_2300_01.mp4-595.jpg,etch-a-sketch
https://langcog.stanford.edu/expts/saycam/frames/20865-S_20140917_2300_01.mp4-5865.jpg,puzzle
https://langcog.stanford.edu/expts/saycam/frames/20866-S_20140917_2300_01.mp4-6130.jpg,puzzle
https://langcog.stanford.edu/expts/saycam/frames/20868-S_20140917_2300_01.mp4-8075.jpg,puzzle
https://langcog.stanford.edu/expts/saycam/frames/20873-S_20140917_2300_01.mp4-16530.jpg,puzzle
https://langcog.stanford.edu/expts/saycam/frames/20912-S_20140917_2300_09.mp4-5555.jpg,bottle
https://langcog.stanford.edu/expts/saycam/frames/20913-S_20140917_2300_09.mp4-7175.jpg,avocado
https://langcog.stanford.edu/expts/saycam/frames/20919-S_20140917_2300_09.mp4-15495.jpg,cabinet
https://langcog.stanford.edu/expts/saycam/frames/20957-S_20140920_2303_07.mp4-4840.jpg,etch-a-sketch
https://langcog.stanford.edu/expts/saycam/frames/20963-S_20140920_2303_07.mp4-12370.jpg,book
https://langcog.stanford.edu/expts/saycam/frames/20964-S_20140920_2303_07.mp4-12965.jpg,book
https://langcog.stanford.edu/expts/saycam/frames/20965-S_20140920_2303_07.mp4-14050.jpg,book
https://langcog.stanford.edu/expts/saycam/frames/20966-S_20140920_2303_07.mp4-14315.jpg,puzzle
https://langcog.stanford.edu/expts/saycam/frames/20969-S_20140920_2303_07.mp4-17850.jpg,puzzle
https://langcog.stanford.edu/expts/saycam/frames/20970-S_20140920_2303_07.mp4-18270.jpg,crib
https://langcog.stanford.edu/expts/saycam/frames/20971-S_20140920_2303_07.mp4-18985.jpg,puzzle
https://langcog.stanford.edu/expts/saycam/frames/20976-S_20140921_2304_01.mp4-5130.jpg,no child hands
https://langcog.stanford.edu/expts/saycam/frames/20977-S_20140921_2304_01.mp4-5795.jpg,legos
https://langcog.stanford.edu/expts/saycam/frames/20979-S_20140921_2304_01.mp4-9395.jpg,legos
https://langcog.stanford.edu/expts/saycam/frames/20982-S_20140921_2304_01.mp4-11420.jpg,legos
https://langcog.stanford.edu/expts/saycam/frames/20984-S_20140921_2304_01.mp4-15540.jpg,legos
https://langcog.stanford.edu/expts/saycam/frames/20993-S_20140921_2304_01.mp4-23710.jpg,legos
https://langcog.stanford.edu/expts/saycam/frames/21018-S_20140921_2304_03.mp4-17785.jpg,no child hands
https://langcog.stanford.edu/expts/saycam/frames/21031-S_20140926_2309_02.mp4-21810.jpg,toy
https://langcog.stanford.edu/expts/saycam/frames/21039-S_20140926_2309_03.mp4-3840.jpg,cloth
https://langcog.stanford.edu/expts/saycam/frames/21043-S_20140926_2309_03.mp4-11130.jpg,no child hands
https://langcog.stanford.edu/expts/saycam/frames/21044-S_20140926_2309_03.mp4-11840.jpg,no child hands
https://langcog.stanford.edu/expts/saycam/frames/21045-S_20140926_2309_03.mp4-12685.jpg,block
https://langcog.stanford.edu/expts/saycam/frames/21048-S_20140926_2309_03.mp4-16020.jpg,legos
https://langcog.stanford.edu/expts/saycam/frames/21049-S_20140926_2309_03.mp4-16920.jpg,rubber band
https://langcog.stanford.edu/expts/saycam/frames/21050-S_20140926_2309_03.mp4-19865.jpg,rubber band
https://langcog.stanford.edu/expts/saycam/frames/21051-S_20140926_2309_03.mp4-20985.jpg,rubber band
https://langcog.stanford.edu/expts/saycam/frames/21058-S_20140926_2309_03.mp4-25725.jpg,stuffed animal
https://langcog.stanford.edu/expts/saycam/frames/21060-S_20140926_2309_03.mp4-26670.jpg,handle
https://langcog.stanford.edu/expts/saycam/frames/21077-S_20140926_2309_04.mp4-14305.jpg,food
https://langcog.stanford.edu/expts/saycam/frames/21080-S_20140926_2309_04.mp4-16545.jpg,no child hands
https://langcog.stanford.edu/expts/saycam/frames/21085-S_20140926_2309_04.mp4-23700.jpg,legos
https://langcog.stanford.edu/expts/saycam/frames/21086-S_20140926_2309_04.mp4-24105.jpg,legos
https://langcog.stanford.edu/expts/saycam/frames/21087-S_20140926_2309_04.mp4-26130.jpg,floor
https://langcog.stanford.edu/expts/saycam/frames/21091-S_20140926_2309_04.mp4-30635.jpg,no child hands
https://langcog.stanford.edu/expts/saycam/frames/21092-S_20140926_2309_04.mp4-34570.jpg,no child hands
https://langcog.stanford.edu/expts/saycam/frames/21144-S_20141001_2314_01.mp4-1835.jpg,computer
https://langcog.stanford.edu/expts/saycam/frames/21145-S_20141001_2314_01.mp4-2240.jpg,computer
https://langcog.stanford.edu/expts/saycam/frames/21147-S_20141001_2314_01.mp4-4450.jpg,computer
https://langcog.stanford.edu/expts/saycam/frames/21187-S_20141001_2314_07.mp4-4300.jpg,toy
https://langcog.stanford.edu/expts/saycam/frames/21196-S_20141004_2317_01.mp4-7155.jpg,computer
https://langcog.stanford.edu/expts/saycam/frames/21203-S_20141004_2317_01.mp4-12065.jpg,book
https://langcog.stanford.edu/expts/saycam/frames/21206-S_20141004_2317_01.mp4-13490.jpg,no child hands
https://langcog.stanford.edu/expts/saycam/frames/21208-S_20141004_2317_01.mp4-15125.jpg,book
https://langcog.stanford.edu/expts/saycam/frames/21227-S_20141004_2317_01.mp4-35225.jpg,hand
https://langcog.stanford.edu/expts/saycam/frames/21235-S_20141004_2317_03.mp4-4265.jpg,button
https://langcog.stanford.edu/expts/saycam/frames/21245-S_20141004_2317_05.mp4-1995.jpg,book
https://langcog.stanford.edu/expts/saycam/frames/21261-S_20141004_2317_05.mp4-25415.jpg,puzzle
https://langcog.stanford.edu/expts/saycam/frames/21263-S_20141004_2317_05.mp4-26370.jpg,puzzle
https://langcog.stanford.edu/expts/saycam/frames/21265-S_20141004_2317_05.mp4-29505.jpg,no child hands
https://langcog.stanford.edu/expts/saycam/frames/21296-S_20141009_2322_03.AVI.mp4-10030.jpg,teddybear
https://langcog.stanford.edu/expts/saycam/frames/21318-S_20141011_2324_01.AVI.mp4-6675.jpg,computer
https://langcog.stanford.edu/expts/saycam/frames/21319-S_20141011_2324_01.AVI.mp4-10205.jpg,computer
https://langcog.stanford.edu/expts/saycam/frames/21354-S_20141011_2324_05.AVI.mp4-22790.jpg,no child hands
https://langcog.stanford.edu/expts/saycam/frames/21384-S_20141015_2328_02.AVI.mp4-4920.jpg,stuffed animal
https://langcog.stanford.edu/expts/saycam/frames/21396-S_20141015_2328_04.AVI.mp4-12755.jpg,sand
https://langcog.stanford.edu/expts/saycam/frames/21406-S_20141018_2401_01.AVI.mp4-7275.jpg,puzzle
https://langcog.stanford.edu/expts/saycam/frames/21409-S_20141018_2401_01.AVI.mp4-10750.jpg,puzzle
https://langcog.stanford.edu/expts/saycam/frames/2141-A_20130802_1020_03.mp4-21795.jpg,book
https://langcog.stanford.edu/expts/saycam/frames/21420-S_20141018_2401_02.AVI.mp4-11625.jpg,puzzle
https://langcog.stanford.edu/expts/saycam/frames/2143-A_20130802_1020_03.mp4-22995.jpg,no child hands
https://langcog.stanford.edu/expts/saycam/frames/21437-S_20141019_2402_03.AVI.mp4-6480.jpg,puzzle
https://langcog.stanford.edu/expts/saycam/frames/21443-S_20141019_2402_04.AVI.mp4-11995.jpg,no child hands
https://langcog.stanford.edu/expts/saycam/frames/2145-A_20130802_1020_03.mp4-23905.jpg,no child hands
https://langcog.stanford.edu/expts/saycam/frames/21456-S_20141023_2406_01.AVI.mp4-1555.jpg,no child hands
https://langcog.stanford.edu/expts/saycam/frames/21464-S_20141023_2406_01.AVI.mp4-14960.jpg,no child hands
https://langcog.stanford.edu/expts/saycam/frames/21465-S_20141023_2406_01.AVI.mp4-15135.jpg,shape sorter
https://langcog.stanford.edu/expts/saycam/frames/21467-S_20141023_2406_01.AVI.mp4-16035.jpg,no child hands
https://langcog.stanford.edu/expts/saycam/frames/21489-S_20141023_2406_03.AVI.mp4-3660.jpg,allocentric
https://langcog.stanford.edu/expts/saycam/frames/21498-S_20141023_2406_03.AVI.mp4-13925.jpg,marker
https://langcog.stanford.edu/expts/saycam/frames/21499-S_20141023_2406_03.AVI.mp4-14140.jpg,marker
https://langcog.stanford.edu/expts/saycam/frames/21508-S_20141023_2406_05.AVI.mp4-815.jpg,unknown object
https://langcog.stanford.edu/expts/saycam/frames/2151-A_20130802_1020_03.mp4-33325.jpg,no child hands
https://langcog.stanford.edu/expts/saycam/frames/21521-S_20141026_2409_01.AVI.mp4-3925.jpg,no child hands
https://langcog.stanford.edu/expts/saycam/frames/21525-S_20141026_2409_01.AVI.mp4-9830.jpg,no child hands
https://langcog.stanford.edu/expts/saycam/frames/21527-S_20141026_2409_01.AVI.mp4-12700.jpg,book
https://langcog.stanford.edu/expts/saycam/frames/21543-S_20141026_2409_02.AVI.mp4-25820.jpg,no child hands
https://langcog.stanford.edu/expts/saycam/frames/21544-S_20141026_2409_02.AVI.mp4-26765.jpg,grape
https://langcog.stanford.edu/expts/saycam/frames/21568-S_20141026_2409_05.AVI.mp4-3815.jpg,book
https://langcog.stanford.edu/expts/saycam/frames/21573-S_20141026_2409_05.AVI.mp4-9460.jpg,knee
https://langcog.stanford.edu/expts/saycam/frames/21588-S_20141029_2412_01.mp4-15005.jpg,no child hands
https://langcog.stanford.edu/expts/saycam/frames/21592-S_20141029_2412_01.mp4-19370.jpg,book
https://langcog.stanford.edu/expts/saycam/frames/21593-S_20141029_2412_01.mp4-23770.jpg,no child hands
https://langcog.stanford.edu/expts/saycam/frames/21612-S_20141029_2412_03.mp4-9125.jpg,no object
https://langcog.stanford.edu/expts/saycam/frames/21706-S_20141106_2420_03.AVI.mp4-9435.jpg,toy
